url,link_kind,seed_domain
https://google.com/search?q=cats,homepage,https://google.com/search?q=cats
https://support.google.com/websearch/answer/86640,internal_pool,https://google.com/search?q=cats
https://www.google.com/policies/terms,internal_pool,https://google.com/search?q=cats
https://www.google.com/sorry/index,internal_pool,https://google.com/search?q=cats
http://www.google.com/search,internal_pool,https://google.com/search?q=cats
https://www.google.com/finance,internal_pool,https://google.com/search?q=cats
https://www.google.com/preferences,internal_pool,https://google.com/search?q=cats
https://www.google.com/search,internal_pool,https://google.com/search?q=cats
https://www.google.com/setprefs,internal_pool,https://google.com/search?q=cats
https://www.google.com/webhp,internal_pool,https://google.com/search?q=cats
https://youtube.com/results?search_query=cats,homepage,https://youtube.com/results?search_query=cats
https://www.youtube.com,internal_pool,https://youtube.com/results?search_query=cats
https://www.youtube.com/@CaDAnimals,internal_pool,https://youtube.com/results?search_query=cats
https://www.youtube.com/@FunnyCatChannel-1,internal_pool,https://youtube.com/results?search_query=cats
https://www.youtube.com/@FunnyandcuteCatLife,internal_pool,https://youtube.com/results?search_query=cats
https://www.youtube.com/@MeowMamas8668,internal_pool,https://youtube.com/results?search_query=cats
https://www.youtube.com/@RICK_GARRY,internal_pool,https://youtube.com/results?search_query=cats
https://www.youtube.com/@elcatogato,internal_pool,https://youtube.com/results?search_query=cats
https://www.youtube.com/@petcollective,internal_pool,https://youtube.com/results?search_query=cats
https://www.youtube.com/feed/subscriptions,internal_pool,https://youtube.com/results?search_query=cats
https://www.youtube.com/feed/you,internal_pool,https://youtube.com/results?search_query=cats
https://www.youtube.com/howyoutubeworks/product-features/search,internal_pool,https://youtube.com/results?search_query=cats
https://www.youtube.com/results,internal_pool,https://youtube.com/results?search_query=cats
https://www.youtube.com/shorts,internal_pool,https://youtube.com/results?search_query=cats
https://www.youtube.com/shorts/0SX5XiUWILo,internal_pool,https://youtube.com/results?search_query=cats
https://www.youtube.com/shorts/0vMVQ4CPNCc,internal_pool,https://youtube.com/results?search_query=cats
https://www.youtube.com/shorts/3lSxAQbVovA,internal_pool,https://youtube.com/results?search_query=cats
https://www.youtube.com/shorts/4QeOaBebC18,internal_pool,https://youtube.com/results?search_query=cats
https://www.youtube.com/shorts/4axNIx1rldU,internal_pool,https://youtube.com/results?search_query=cats
https://www.youtube.com/shorts/6_afNVLIaEs,internal_pool,https://youtube.com/results?search_query=cats
https://www.youtube.com/shorts/6tOWF5qFsqE,internal_pool,https://youtube.com/results?search_query=cats
https://www.youtube.com/shorts/9ZQqPks_APk,internal_pool,https://youtube.com/results?search_query=cats
https://www.youtube.com/shorts/A54DmtWBFA8,internal_pool,https://youtube.com/results?search_query=cats
https://www.youtube.com/shorts/EKPA_nSlfHg,internal_pool,https://youtube.com/results?search_query=cats
https://www.youtube.com/shorts/EM41yq0OUQ4,internal_pool,https://youtube.com/results?search_query=cats
https://www.youtube.com/shorts/KHf_2XuJHUU,internal_pool,https://youtube.com/results?search_query=cats
https://www.youtube.com/shorts/NIZbgPAX5jo,internal_pool,https://youtube.com/results?search_query=cats
https://www.youtube.com/shorts/QMJhLCGWa7I,internal_pool,https://youtube.com/results?search_query=cats
https://www.youtube.com/shorts/XpzlaJ-VPa8,internal_pool,https://youtube.com/results?search_query=cats
https://www.youtube.com/shorts/ak7qwpr51dQ,internal_pool,https://youtube.com/results?search_query=cats
https://www.youtube.com/shorts/hVS0dvPNXB0,internal_pool,https://youtube.com/results?search_query=cats
https://www.youtube.com/shorts/ih7q2SE5M18,internal_pool,https://youtube.com/results?search_query=cats
https://www.youtube.com/shorts/jGuKdvmwYio,internal_pool,https://youtube.com/results?search_query=cats
https://www.youtube.com/shorts/mcGa4SDTeyc,internal_pool,https://youtube.com/results?search_query=cats
https://www.youtube.com/shorts/pDfH54GR6OM,internal_pool,https://youtube.com/results?search_query=cats
https://www.youtube.com/shorts/py0bE1Wo5SQ,internal_pool,https://youtube.com/results?search_query=cats
https://www.youtube.com/shorts/sMKoDJcoWJc,internal_pool,https://youtube.com/results?search_query=cats
https://www.youtube.com/shorts/t4pkaFABNQc,internal_pool,https://youtube.com/results?search_query=cats
https://www.youtube.com/shorts/u8xCEJSmLx8,internal_pool,https://youtube.com/results?search_query=cats
https://www.youtube.com/shorts/xx7_Bqx8AHI,internal_pool,https://youtube.com/results?search_query=cats
https://www.youtube.com/shorts/yg8m8BZaJwY,internal_pool,https://youtube.com/results?search_query=cats
https://www.youtube.com/watch,internal_pool,https://youtube.com/results?search_query=cats
https://www.youtube.com/@ChipTheManx,internal_pool,https://youtube.com/results?search_query=cats
https://www.youtube.com/@KittyCatRankings,internal_pool,https://youtube.com/results?search_query=cats
https://www.youtube.com/@PurrRanked,internal_pool,https://youtube.com/results?search_query=cats
https://www.youtube.com/@catspets555,internal_pool,https://youtube.com/results?search_query=cats
https://www.youtube.com/@exlittlebeans,internal_pool,https://youtube.com/results?search_query=cats
https://www.youtube.com/@gabrielle_cats,internal_pool,https://youtube.com/results?search_query=cats
https://www.youtube.com/channel/UCFYMDSW-BzeYZKFSxROw3Rg,internal_pool,https://youtube.com/results?search_query=cats
https://www.youtube.com/shorts/-vSDREkNtWk,internal_pool,https://youtube.com/results?search_query=cats
https://www.youtube.com/shorts/8jM4XT-5CUA,internal_pool,https://youtube.com/results?search_query=cats
https://www.youtube.com/shorts/9sioThXNHXU,internal_pool,https://youtube.com/results?search_query=cats
https://www.youtube.com/shorts/KId3r5dVwGk,internal_pool,https://youtube.com/results?search_query=cats
https://www.youtube.com/shorts/ULHpd1dl3GA,internal_pool,https://youtube.com/results?search_query=cats
https://www.youtube.com/shorts/UUqUlwi7Qdc,internal_pool,https://youtube.com/results?search_query=cats
https://www.youtube.com/shorts/VH-1cdennEs,internal_pool,https://youtube.com/results?search_query=cats
https://www.youtube.com/shorts/Zbgrn9TqqqY,internal_pool,https://youtube.com/results?search_query=cats
https://www.youtube.com/shorts/gYHtLxb_wmA,internal_pool,https://youtube.com/results?search_query=cats
https://www.youtube.com/shorts/l2Yngsb9Dww,internal_pool,https://youtube.com/results?search_query=cats
https://www.youtube.com/shorts/ruXEjztdw0E,internal_pool,https://youtube.com/results?search_query=cats
https://www.youtube.com/shorts/tisYnFQ8jQU,internal_pool,https://youtube.com/results?search_query=cats
https://www.youtube.com/shorts/z-uNKa_tnCA,internal_pool,https://youtube.com/results?search_query=cats
https://baidu.com/s?wd=cats,homepage,https://baidu.com/s?wd=cats
http://image.baidu.com/i,internal_pool,https://baidu.com/s?wd=cats
http://map.baidu.com,internal_pool,https://baidu.com/s?wd=cats
http://news.baidu.com,internal_pool,https://baidu.com/s?wd=cats
http://tieba.baidu.com,internal_pool,https://baidu.com/s?wd=cats
http://tieba.baidu.com/f,internal_pool,https://baidu.com/s?wd=cats
http://v.baidu.com,internal_pool,https://baidu.com/s?wd=cats
http://wenku.baidu.com/search,internal_pool,https://baidu.com/s?wd=cats
http://www.baidu.com/gaoji/preferences.html,internal_pool,https://baidu.com/s?wd=cats
http://www.baidu.com/link,internal_pool,https://baidu.com/s?wd=cats
http://www.baidu.com/more,internal_pool,https://baidu.com/s?wd=cats
http://xueshu.baidu.com,internal_pool,https://baidu.com/s?wd=cats
https://chat.baidu.com/search,internal_pool,https://baidu.com/s?wd=cats
https://e.baidu.com/lp/search,internal_pool,https://baidu.com/s?wd=cats
https://help.baidu.com/jubao,internal_pool,https://baidu.com/s?wd=cats
https://help.baidu.com/question,internal_pool,https://baidu.com/s?wd=cats
https://map.baidu.com,internal_pool,https://baidu.com/s?wd=cats
https://passport.baidu.com/v2,internal_pool,https://baidu.com/s?wd=cats
https://top.baidu.com/board,internal_pool,https://baidu.com/s?wd=cats
https://voice.baidu.com/act/newpneumonia/newpneumonia,internal_pool,https://baidu.com/s?wd=cats
https://www.baidu.com,internal_pool,https://baidu.com/s?wd=cats
https://www.baidu.com/s,internal_pool,https://baidu.com/s?wd=cats
https://www.baidu.com/sf/vsearch,internal_pool,https://baidu.com/s?wd=cats
https://en.wikipedia.org,homepage,https://en.wikipedia.org
https://ab.wikipedia.org/wiki/%D0%98%D1%85%D0%B0%D0%B4%D0%BE%D1%83_%D0%B0%D0%B4%D0%B0%D2%9F%D1%8C%D0%B0,internal_pool,https://en.wikipedia.org
https://abstract.wikipedia.org/wiki/Abstract_Wikipedia:Main_page,internal_pool,https://en.wikipedia.org
https://ace.wikipedia.org/wiki/%C3%94n_Keue,internal_pool,https://en.wikipedia.org
https://ady.wikipedia.org/wiki/%D0%9D%D1%8D%D0%BA%D3%80%D1%83%D0%B1%D0%B3%D1%8A%D0%BE_%D1%88%D1%8A%D1%85%D1%8C%D0%B0%D3%80,internal_pool,https://en.wikipedia.org
https://af.wikipedia.org/wiki/Tuisblad,internal_pool,https://en.wikipedia.org
https://als.wikipedia.org/wiki/Wikipedia:Houptsyte,internal_pool,https://en.wikipedia.org
https://alt.wikipedia.org/wiki/%D0%A2%D3%A7%D1%81_%D0%B1%D3%B1%D0%BA,internal_pool,https://en.wikipedia.org
https://am.wikipedia.org/wiki/%E1%8B%8B%E1%8A%93%E1%8B%8D_%E1%8C%88%E1%8C%BD,internal_pool,https://en.wikipedia.org
https://ami.wikipedia.org/wiki/Sa%E2%80%99ayayaw_pising_no_tyin-naw,internal_pool,https://en.wikipedia.org
https://an.wikipedia.org/wiki/Portalada,internal_pool,https://en.wikipedia.org
https://ang.wikipedia.org/wiki/Heafodtramet,internal_pool,https://en.wikipedia.org
https://ann.wikipedia.org/wiki/Uwu,internal_pool,https://en.wikipedia.org
https://anp.wikipedia.org/wiki/%E0%A4%AE%E0%A5%81%E0%A4%96%E0%A5%8D%E0%A4%AF_%E0%A4%AA%E0%A5%83%E0%A4%B7%E0%A5%8D%E0%A4%A0,internal_pool,https://en.wikipedia.org
https://ar.wikipedia.org/wiki,internal_pool,https://en.wikipedia.org
https://ar.wikipedia.org/wiki/%D8%A7%D9%84%D8%B5%D9%81%D8%AD%D8%A9_%D8%A7%D9%84%D8%B1%D8%A6%D9%8A%D8%B3%D8%A9,internal_pool,https://en.wikipedia.org
https://arc.wikipedia.org/wiki/%DC%A6%DC%90%DC%AC%DC%90_%DC%AA%DC%9D%DC%AB%DC%9D%DC%AC%DC%90,internal_pool,https://en.wikipedia.org
https://ary.wikipedia.org/wiki/%D8%A7%D9%84%D8%B5%D9%81%D8%AD%D8%A9_%D8%A7%D9%84%D9%84%D9%88%D9%84%D8%A7,internal_pool,https://en.wikipedia.org
https://arz.wikipedia.org/wiki/%D8%A7%D9%84%D8%B5%D9%81%D8%AD%D9%87_%D8%A7%D9%84%D8%B1%D8%A6%D9%8A%D8%B3%D9%8A%D9%87,internal_pool,https://en.wikipedia.org
https://as.wikipedia.org/wiki/%E0%A6%AC%E0%A7%87%E0%A6%9F%E0%A7%81%E0%A6%AA%E0%A6%BE%E0%A6%A4,internal_pool,https://en.wikipedia.org
https://ast.wikipedia.org/wiki,internal_pool,https://en.wikipedia.org
https://ast.wikipedia.org/wiki/Portada,internal_pool,https://en.wikipedia.org
https://atj.wikipedia.org/wiki/Otitikowin,internal_pool,https://en.wikipedia.org
https://av.wikipedia.org/wiki/%D0%91%D0%B5%D1%82%D3%80%D0%B5%D1%80%D0%B0%D0%B1_%D0%B3%D1%8C%D1%83%D0%BC%D0%B5%D1%80,internal_pool,https://en.wikipedia.org
https://avk.wikipedia.org/wiki/Xadola,internal_pool,https://en.wikipedia.org
https://awa.wikipedia.org/wiki/%E0%A4%AA%E0%A5%8D%E0%A4%B0%E0%A4%A7%E0%A4%BE%E0%A4%A8_%E0%A4%AA%E0%A4%A8%E0%A5%8D%E0%A4%A8%E0%A4%BE,internal_pool,https://en.wikipedia.org
https://ay.wikipedia.org/wiki/Nayriri_u%C3%B1stawi,internal_pool,https://en.wikipedia.org
https://az.wikipedia.org/wiki,internal_pool,https://en.wikipedia.org
https://az.wikipedia.org/wiki/Ana_s%C9%99hif%C9%99,internal_pool,https://en.wikipedia.org
https://azb.wikipedia.org/wiki/%D8%A2%D9%86%D8%A7_%D8%B5%D9%81%D8%AD%D9%87,internal_pool,https://en.wikipedia.org
https://ba.wikipedia.org/wiki/%D0%91%D0%B0%D1%88_%D0%B1%D0%B8%D1%82,internal_pool,https://en.wikipedia.org
https://ban.wikipedia.org/wiki/Kaca_Utama,internal_pool,https://en.wikipedia.org
https://bar.wikipedia.org/wiki/Wikipedia:Hoamseitn,internal_pool,https://en.wikipedia.org
https://bat-smg.wikipedia.org/wiki/P%C4%97rms_poslapis,internal_pool,https://en.wikipedia.org
https://bbc.wikipedia.org/wiki/Pogu_ni_Alaman,internal_pool,https://en.wikipedia.org
https://bcl.wikipedia.org/wiki/Panginot_na_Pahina,internal_pool,https://en.wikipedia.org
https://bdr.wikipedia.org/wiki/Tekokon_Laman,internal_pool,https://en.wikipedia.org
https://be-tarask.wikipedia.org/wiki/%D0%93%D0%B0%D0%BB%D0%BE%D1%9E%D0%BD%D0%B0%D1%8F_%D1%81%D1%82%D0%B0%D1%80%D0%BE%D0%BD%D0%BA%D0%B0,internal_pool,https://en.wikipedia.org
https://be.wikipedia.org/wiki/%D0%93%D0%B0%D0%BB%D0%BE%D1%9E%D0%BD%D0%B0%D1%8F_%D1%81%D1%82%D0%B0%D1%80%D0%BE%D0%BD%D0%BA%D0%B0,internal_pool,https://en.wikipedia.org
https://bew.wikipedia.org/wiki/Bal%C3%A9-bal%C3%A9,internal_pool,https://en.wikipedia.org
https://bg.wikipedia.org/wiki,internal_pool,https://en.wikipedia.org
https://bg.wikipedia.org/wiki/%D0%9D%D0%B0%D1%87%D0%B0%D0%BB%D0%BD%D0%B0_%D1%81%D1%82%D1%80%D0%B0%D0%BD%D0%B8%D1%86%D0%B0,internal_pool,https://en.wikipedia.org
https://bh.wikipedia.org/wiki/%E0%A4%AE%E0%A5%81%E0%A4%96%E0%A5%8D%E0%A4%AF_%E0%A4%AA%E0%A4%A8%E0%A5%8D%E0%A4%A8%E0%A4%BE,internal_pool,https://en.wikipedia.org
https://bi.wikipedia.org/wiki/Nambawan_Pej,internal_pool,https://en.wikipedia.org
https://bjn.wikipedia.org/wiki/Laman_Tatambaian,internal_pool,https://en.wikipedia.org
https://blk.wikipedia.org/wiki/%E1%80%A1%E1%80%93%E1%80%AD%E1%80%80%E1%80%9C%E1%80%AD%E1%80%90%E1%80%BA%E1%80%99%E1%80%B2%E1%80%B7%E1%80%84%E1%80%AB,internal_pool,https://en.wikipedia.org
https://bm.wikipedia.org/wiki/Ny%C9%9B_f%C9%94l%C9%94,internal_pool,https://en.wikipedia.org
https://bn.wikipedia.org/wiki,internal_pool,https://en.wikipedia.org
https://bn.wikipedia.org/wiki/%E0%A6%AA%E0%A7%8D%E0%A6%B0%E0%A6%A7%E0%A6%BE%E0%A6%A8_%E0%A6%AA%E0%A6%BE%E0%A6%A4%E0%A6%BE,internal_pool,https://en.wikipedia.org
https://bo.wikipedia.org/wiki/%E0%BD%82%E0%BD%99%E0%BD%BC%E0%BC%8B%E0%BD%84%E0%BD%BC%E0%BD%A6%E0%BC%8D,internal_pool,https://en.wikipedia.org
https://bpy.wikipedia.org/wiki/%E0%A6%AA%E0%A6%AF%E0%A6%BC%E0%A6%B2%E0%A6%BE_%E0%A6%AA%E0%A6%BE%E0%A6%A4%E0%A6%BE,internal_pool,https://en.wikipedia.org
https://br.wikipedia.org/wiki/Degemer,internal_pool,https://en.wikipedia.org
https://bs.wikipedia.org/wiki,internal_pool,https://en.wikipedia.org
https://bs.wikipedia.org/wiki/Po%C4%8Detna_strana,internal_pool,https://en.wikipedia.org
https://btm.wikipedia.org/wiki/Alaman_Utamo,internal_pool,https://en.wikipedia.org
https://bug.wikipedia.org/wiki/Watangpola,internal_pool,https://en.wikipedia.org
https://bxr.wikipedia.org/wiki/%D0%9D%D1%8E%D1%83%D1%80_%D1%85%D1%83%D1%83%D0%B4%D0%B0%D2%BB%D0%B0%D0%BD,internal_pool,https://en.wikipedia.org
https://ca.wikipedia.org/wiki,internal_pool,https://en.wikipedia.org
https://ca.wikipedia.org/wiki/Portada,internal_pool,https://en.wikipedia.org
https://cbk-zam.wikipedia.org/wiki/El_Primero_Pagina,internal_pool,https://en.wikipedia.org
https://cdo.wikipedia.org/wiki/T%C3%A0u_Hi%C4%95k,internal_pool,https://en.wikipedia.org
https://ce.wikipedia.org/wiki/%D0%9A%D0%BE%D1%8C%D1%80%D1%82%D0%B0_%D0%B0%D0%B3%D3%80%D0%BE,internal_pool,https://en.wikipedia.org
https://ceb.wikipedia.org/wiki/Unang_Panid,internal_pool,https://en.wikipedia.org
https://ch.wikipedia.org/wiki/Fanhaluman,internal_pool,https://en.wikipedia.org
https://chr.wikipedia.org/wiki/%E1%8E%A4%E1%8E%B5%E1%8E%AE%E1%8E%B5%E1%8F%8D%E1%8F%97,internal_pool,https://en.wikipedia.org
https://chy.wikipedia.org/wiki/Va%27ohtama,internal_pool,https://en.wikipedia.org
https://ckb.wikipedia.org/wiki,internal_pool,https://en.wikipedia.org
https://ckb.wikipedia.org/wiki/%D8%AF%DB%95%D8%B3%D8%AA%D9%BE%DB%8E%DA%A9,internal_pool,https://en.wikipedia.org
https://co.wikipedia.org/wiki/Pagina_maestra,internal_pool,https://en.wikipedia.org
https://cr.wikipedia.org/wiki/%E1%93%83%E1%94%A5%E1%91%95%E1%92%BB%E1%90%B9%E1%94%85%E1%91%8C%E1%92%8B%E1%93%82%E1%91%B2%E1%93%90,internal_pool,https://en.wikipedia.org
https://crh.wikipedia.org/wiki/Ba%C5%9F_Saife,internal_pool,https://en.wikipedia.org
https://cs.wikipedia.org/wiki,internal_pool,https://en.wikipedia.org
https://cs.wikipedia.org/wiki/Hlavn%C3%AD_strana,internal_pool,https://en.wikipedia.org
https://csb.wikipedia.org/wiki/Prz%C3%A9dn%C3%B4_starna,internal_pool,https://en.wikipedia.org
https://cu.wikipedia.org/wiki/%D0%93%D0%BB%D0%B0%D0%B2%D1%8C%D0%BD%D0%B0_%D1%81%D1%82%D1%80%D0%B0%D0%BD%D0%B8%D1%86%D0%B0,internal_pool,https://en.wikipedia.org
https://cv.wikipedia.org/wiki/%D0%A2%C4%95%D0%BF_%D1%81%D1%82%D1%80%D0%B0%D0%BD%D0%B8%D1%86%D0%B0,internal_pool,https://en.wikipedia.org
https://cy.wikipedia.org/wiki/Hafan,internal_pool,https://en.wikipedia.org
https://da.wikipedia.org/wiki,internal_pool,https://en.wikipedia.org
https://da.wikipedia.org/wiki/Forside,internal_pool,https://en.wikipedia.org
https://dag.wikipedia.org/wiki/Sol%C9%94%C9%A3u,internal_pool,https://en.wikipedia.org
https://de.wikipedia.org/wiki,internal_pool,https://en.wikipedia.org
https://de.wikipedia.org/wiki/Wikipedia:Hauptseite,internal_pool,https://en.wikipedia.org
https://dga.wikipedia.org/wiki/A_Gamp%C9%9Bl%C9%9B_zu,internal_pool,https://en.wikipedia.org
https://din.wikipedia.org/wiki/Apam_k%C3%ABd%C3%AFt,internal_pool,https://en.wikipedia.org
https://diq.wikipedia.org/wiki/Pela_Seri,internal_pool,https://en.wikipedia.org
https://dsb.wikipedia.org/wiki/G%C5%82owny_bok,internal_pool,https://en.wikipedia.org
https://dtp.wikipedia.org/wiki/Natad_Tagayo,internal_pool,https://en.wikipedia.org
https://dty.wikipedia.org/wiki/%E0%A4%AE%E0%A5%81%E0%A4%96%E0%A5%8D%E0%A4%AF_%E0%A4%AA%E0%A4%A8%E0%A5%8D%E0%A4%A8%E0%A4%BE,internal_pool,https://en.wikipedia.org
https://dv.wikipedia.org/wiki/%DE%89%DE%A6%DE%87%DE%A8_%DE%9E%DE%A6%DE%8A%DE%B0%DE%99%DE%A7,internal_pool,https://en.wikipedia.org
https://dz.wikipedia.org/wiki/%E0%BD%98%E0%BC%8B%E0%BD%A4%E0%BD%BC%E0%BD%82%E0%BC%8D,internal_pool,https://en.wikipedia.org
https://ee.wikipedia.org/wiki/Axa_do_%C5%8Ag%C9%94,internal_pool,https://en.wikipedia.org
https://el.wikipedia.org/wiki,internal_pool,https://en.wikipedia.org
https://el.wikipedia.org/wiki/%CE%A0%CF%8D%CE%BB%CE%B7:%CE%9A%CF%8D%CF%81%CE%B9%CE%B1,internal_pool,https://en.wikipedia.org
https://eml.wikipedia.org/wiki/PP,internal_pool,https://en.wikipedia.org
https://en.wikipedia.org/w/index.php,internal_pool,https://en.wikipedia.org
https://en.wikipedia.org/wiki/11th_Panchen_Lama_controversy,internal_pool,https://en.wikipedia.org
https://en.wikipedia.org/wiki/1395,internal_pool,https://en.wikipedia.org
https://en.wikipedia.org/wiki/14th_Dalai_Lama,internal_pool,https://en.wikipedia.org
https://en.wikipedia.org/wiki/1521,internal_pool,https://en.wikipedia.org
https://en.wikipedia.org/wiki/1900,internal_pool,https://en.wikipedia.org
https://en.wikipedia.org/wiki/1974,internal_pool,https://en.wikipedia.org
https://en.wikipedia.org/wiki/1995,internal_pool,https://en.wikipedia.org
https://en.wikipedia.org/wiki/2022_Russian_invasion_of_Ukraine,internal_pool,https://en.wikipedia.org
https://en.wikipedia.org/wiki/2026_Bahamian_general_election,internal_pool,https://en.wikipedia.org
https://en.wikipedia.org/wiki/2026_Iran_war,internal_pool,https://en.wikipedia.org
https://en.wikipedia.org/wiki/2026_Lebanon_war,internal_pool,https://en.wikipedia.org
https://en.wikipedia.org/wiki/2026_Niuean_general_election,internal_pool,https://en.wikipedia.org
https://en.wikipedia.org/wiki/2026_Philippine_Senate_lockdown,internal_pool,https://en.wikipedia.org
https://en.wikipedia.org/wiki/Albrecht_Weinberg,internal_pool,https://en.wikipedia.org
https://en.wikipedia.org/wiki/All_Hell_Breaks_Loose_(Charmed),internal_pool,https://en.wikipedia.org
https://en.wikipedia.org/wiki/Alyssa_Milano,internal_pool,https://en.wikipedia.org
https://en.wikipedia.org/wiki/Association_football,internal_pool,https://en.wikipedia.org
https://en.wikipedia.org/wiki/Ati_people,internal_pool,https://en.wikipedia.org
https://en.wikipedia.org/wiki/Balearic_Islands,internal_pool,https://en.wikipedia.org
https://en.wikipedia.org/wiki/Balearic_green_toad,internal_pool,https://en.wikipedia.org
https://en.wikipedia.org/wiki/Banjo,internal_pool,https://en.wikipedia.org
https://en.wikipedia.org/wiki/Battle_of_Rovine,internal_pool,https://en.wikipedia.org
https://en.wikipedia.org/wiki/Boers,internal_pool,https://en.wikipedia.org
https://en.wikipedia.org/wiki/Boracay_Bridge,internal_pool,https://en.wikipedia.org
https://en.wikipedia.org/wiki/Brad_Kern,internal_pool,https://en.wikipedia.org
https://en.wikipedia.org/wiki/Bronze_Age,internal_pool,https://en.wikipedia.org
https://en.wikipedia.org/wiki/Charmed,internal_pool,https://en.wikipedia.org
https://en.wikipedia.org/wiki/Cifelliodon,internal_pool,https://en.wikipedia.org
https://en.wikipedia.org/wiki/Columbine_High_School_massacre,internal_pool,https://en.wikipedia.org
https://en.wikipedia.org/wiki/Corsica,internal_pool,https://en.wikipedia.org
https://en.wikipedia.org/wiki/Dalton_Tagelagi,internal_pool,https://en.wikipedia.org
https://en.wikipedia.org/wiki/Deaths_in_2026,internal_pool,https://en.wikipedia.org
https://en.wikipedia.org/wiki/Diesel_locomotive,internal_pool,https://en.wikipedia.org
https://en.wikipedia.org/wiki/Dublin,internal_pool,https://en.wikipedia.org
https://en.wikipedia.org/wiki/Dublin_and_Monaghan_bombings,internal_pool,https://en.wikipedia.org
"https://en.wikipedia.org/wiki/Edward_Stafford,_3rd_Duke_of_Buckingham",internal_pool,https://en.wikipedia.org
https://en.wikipedia.org/wiki/Emil_Paul_Tscherrig,internal_pool,https://en.wikipedia.org
https://en.wikipedia.org/wiki/Encyclopedia,internal_pool,https://en.wikipedia.org
https://en.wikipedia.org/wiki/English_language,internal_pool,https://en.wikipedia.org
https://en.wikipedia.org/wiki/Erik_Campbell_(Final_Destination),internal_pool,https://en.wikipedia.org
https://en.wikipedia.org/wiki/European_green_toad,internal_pool,https://en.wikipedia.org
https://en.wikipedia.org/wiki/Fantasy,internal_pool,https://en.wikipedia.org
https://en.wikipedia.org/wiki/File:Bufotes_balearicus_female_quadrat.jpg,internal_pool,https://en.wikipedia.org
https://en.wikipedia.org/wiki/File:Commons-logo.svg,internal_pool,https://en.wikipedia.org
https://en.wikipedia.org/wiki/File:Edward_Stafford_3rd_Duke_of_Buckingham_1520.jpg,internal_pool,https://en.wikipedia.org
https://en.wikipedia.org/wiki/File:Klimt_-_Park.jpg,internal_pool,https://en.wikipedia.org
https://en.wikipedia.org/wiki/File:MediaWiki-2020-icon.svg,internal_pool,https://en.wikipedia.org
https://en.wikipedia.org/wiki/File:Niue_Premier_Dalton_Tagelagi_on_25_September_2023_-_53214108645_(cropped).jpg,internal_pool,https://en.wikipedia.org
https://en.wikipedia.org/wiki/File:Shannen_Doherty.jpg,internal_pool,https://en.wikipedia.org
https://en.wikipedia.org/wiki/File:Wikibooks-logo.svg,internal_pool,https://en.wikipedia.org
https://en.wikipedia.org/wiki/File:Wikifunctions-logo.svg,internal_pool,https://en.wikipedia.org
https://en.wikipedia.org/wiki/File:Wikisource-logo.svg,internal_pool,https://en.wikipedia.org
https://en.wikipedia.org/wiki/File:Wikispecies-logo.svg,internal_pool,https://en.wikipedia.org
https://en.wikipedia.org/wiki/File:Wikiversity_logo_2017.svg,internal_pool,https://en.wikipedia.org
https://en.wikipedia.org/wiki/File:Wikivoyage-Logo-v3-icon.svg,internal_pool,https://en.wikipedia.org
https://en.wikipedia.org/wiki/File:Wiktionary-logo-en-v2.svg,internal_pool,https://en.wikipedia.org
https://en.wikipedia.org/wiki/Free_content,internal_pool,https://en.wikipedia.org
https://en.wikipedia.org/wiki/Gedhun_Choekyi_Nyima,internal_pool,https://en.wikipedia.org
https://en.wikipedia.org/wiki/Giuncarico,internal_pool,https://en.wikipedia.org
https://en.wikipedia.org/wiki/Gustav_Klimt,internal_pool,https://en.wikipedia.org
https://en.wikipedia.org/wiki/Gyaincain_Norbu,internal_pool,https://en.wikipedia.org
https://en.wikipedia.org/wiki/Help:Contents,internal_pool,https://en.wikipedia.org
https://en.wikipedia.org/wiki/Help:Introduction,internal_pool,https://en.wikipedia.org
https://en.wikipedia.org/wiki/Help:Introduction_to_Wikipedia,internal_pool,https://en.wikipedia.org
https://en.wikipedia.org/wiki/Help:Your_first_article,internal_pool,https://en.wikipedia.org
https://en.wikipedia.org/wiki/Henry_VIII,internal_pool,https://en.wikipedia.org
https://en.wikipedia.org/wiki/Holly_Marie_Combs,internal_pool,https://en.wikipedia.org
https://en.wikipedia.org/wiki/Hybrid_(biology),internal_pool,https://en.wikipedia.org
"https://en.wikipedia.org/wiki/I_need_ammunition,_not_a_ride",internal_pool,https://en.wikipedia.org
"https://en.wikipedia.org/wiki/International_Day_Against_Homophobia,_Biphobia_and_Transphobia",internal_pool,https://en.wikipedia.org
https://en.wikipedia.org/wiki/International_Union_for_Conservation_of_Nature,internal_pool,https://en.wikipedia.org
https://en.wikipedia.org/wiki/Jeannette_Piccard,internal_pool,https://en.wikipedia.org
https://en.wikipedia.org/wiki/Jordan_Hadaway,internal_pool,https://en.wikipedia.org
https://en.wikipedia.org/wiki/Jos%C3%A9_Ballesta,internal_pool,https://en.wikipedia.org
https://en.wikipedia.org/wiki/Kenneth_Keith,internal_pool,https://en.wikipedia.org
https://en.wikipedia.org/wiki/Least-concern_species,internal_pool,https://en.wikipedia.org
https://en.wikipedia.org/wiki/List_of_days_of_the_year,internal_pool,https://en.wikipedia.org
https://en.wikipedia.org/wiki/MV_Hondius,internal_pool,https://en.wikipedia.org
https://en.wikipedia.org/wiki/MV_Hondius_hantavirus_outbreak,internal_pool,https://en.wikipedia.org
https://en.wikipedia.org/wiki/Main_Page,internal_pool,https://en.wikipedia.org
"https://en.wikipedia.org/wiki/Malay,_Aklan",internal_pool,https://en.wikipedia.org
https://en.wikipedia.org/wiki/Mammaliaformes,internal_pool,https://en.wikipedia.org
https://en.wikipedia.org/wiki/Martin_Delrio,internal_pool,https://en.wikipedia.org
https://en.wikipedia.org/wiki/May_16,internal_pool,https://en.wikipedia.org
https://en.wikipedia.org/wiki/May_17,internal_pool,https://en.wikipedia.org
https://en.wikipedia.org/wiki/May_18,internal_pool,https://en.wikipedia.org
https://en.wikipedia.org/wiki/Monaghan,internal_pool,https://en.wikipedia.org
https://en.wikipedia.org/wiki/Operation_Brevity,internal_pool,https://en.wikipedia.org
https://en.wikipedia.org/wiki/Ottoman_Empire,internal_pool,https://en.wikipedia.org
https://en.wikipedia.org/wiki/Pamela_Ball,internal_pool,https://en.wikipedia.org
https://en.wikipedia.org/wiki/Parotoid_gland,internal_pool,https://en.wikipedia.org
https://en.wikipedia.org/wiki/Patricia_Guijarro,internal_pool,https://en.wikipedia.org
https://en.wikipedia.org/wiki/Philip_Davis_(Bahamian_politician),internal_pool,https://en.wikipedia.org
https://en.wikipedia.org/wiki/Phoebe_Halliwell,internal_pool,https://en.wikipedia.org
https://en.wikipedia.org/wiki/Piper_Halliwell,internal_pool,https://en.wikipedia.org
https://en.wikipedia.org/wiki/Portal:Current_events,internal_pool,https://en.wikipedia.org
https://en.wikipedia.org/wiki/Progressive_Liberal_Party,internal_pool,https://en.wikipedia.org
https://en.wikipedia.org/wiki/Prue_Halliwell,internal_pool,https://en.wikipedia.org
https://en.wikipedia.org/wiki/Rex_Reed,internal_pool,https://en.wikipedia.org
https://en.wikipedia.org/wiki/Richard_III_of_England,internal_pool,https://en.wikipedia.org
https://en.wikipedia.org/wiki/Ronald_dela_Rosa,internal_pool,https://en.wikipedia.org
https://en.wikipedia.org/wiki/Russo-Ukrainian_war_(2022%E2%80%93present),internal_pool,https://en.wikipedia.org
https://en.wikipedia.org/wiki/Salvador_Dal%C3%AD,internal_pool,https://en.wikipedia.org
https://en.wikipedia.org/wiki/Second_Boer_War,internal_pool,https://en.wikipedia.org
https://en.wikipedia.org/wiki/Senate_of_the_Philippines,internal_pool,https://en.wikipedia.org
https://en.wikipedia.org/wiki/Shannen_Doherty,internal_pool,https://en.wikipedia.org
https://en.wikipedia.org/wiki/Siege_of_Mafeking,internal_pool,https://en.wikipedia.org
https://en.wikipedia.org/wiki/Spadina_subway_line,internal_pool,https://en.wikipedia.org
https://en.wikipedia.org/wiki/Special:Random,internal_pool,https://en.wikipedia.org
https://en.wikipedia.org/wiki/Special:RecentChanges,internal_pool,https://en.wikipedia.org
https://en.wikipedia.org/wiki/Special:RecentChangesLinked/Main_Page,internal_pool,https://en.wikipedia.org
https://en.wikipedia.org/wiki/Special:Search,internal_pool,https://en.wikipedia.org
https://en.wikipedia.org/wiki/Special:SpecialPages,internal_pool,https://en.wikipedia.org
https://en.wikipedia.org/wiki/Special:Statistics,internal_pool,https://en.wikipedia.org
https://en.wikipedia.org/wiki/Special:WhatLinksHere/Main_Page,internal_pool,https://en.wikipedia.org
https://en.wikipedia.org/wiki/Sudanese_civil_war_(2023%E2%80%93present),internal_pool,https://en.wikipedia.org
https://en.wikipedia.org/wiki/Talk:Main_Page,internal_pool,https://en.wikipedia.org
https://en.wikipedia.org/wiki/Talyllyn_Railway,internal_pool,https://en.wikipedia.org
https://en.wikipedia.org/wiki/Template:POTD/2026-05-14,internal_pool,https://en.wikipedia.org
https://en.wikipedia.org/wiki/Template:POTD/2026-05-15,internal_pool,https://en.wikipedia.org
https://en.wikipedia.org/wiki/Template:POTD/2026-05-16,internal_pool,https://en.wikipedia.org
https://en.wikipedia.org/wiki/Template_talk:Did_you_know,internal_pool,https://en.wikipedia.org
https://en.wikipedia.org/wiki/Tenerife,internal_pool,https://en.wikipedia.org
https://en.wikipedia.org/wiki/The_Park_(Klimt),internal_pool,https://en.wikipedia.org
https://en.wikipedia.org/wiki/The_Troubles,internal_pool,https://en.wikipedia.org
https://en.wikipedia.org/wiki/The_WB,internal_pool,https://en.wikipedia.org
https://en.wikipedia.org/wiki/They_Call_Me_Mr._De,internal_pool,https://en.wikipedia.org
https://en.wikipedia.org/wiki/Timeline_of_the_Russo-Ukrainian_war_(1_January_2026_%E2%80%93_present),internal_pool,https://en.wikipedia.org
https://en.wikipedia.org/wiki/Timeline_of_the_Sudanese_civil_war_(2026),internal_pool,https://en.wikipedia.org
https://en.wikipedia.org/wiki/Timmy_(whale),internal_pool,https://en.wikipedia.org
https://en.wikipedia.org/wiki/Tray_Wellington,internal_pool,https://en.wikipedia.org
https://en.wikipedia.org/wiki/True_toad,internal_pool,https://en.wikipedia.org
https://en.wikipedia.org/wiki/Tuscany,internal_pool,https://en.wikipedia.org
https://en.wikipedia.org/wiki/Ulster_Volunteer_Force,internal_pool,https://en.wikipedia.org
https://en.wikipedia.org/wiki/User:Richard_Bartz,internal_pool,https://en.wikipedia.org
https://en.wikipedia.org/wiki/Victor_Bendico,internal_pool,https://en.wikipedia.org
https://en.wikipedia.org/wiki/Volodymyr_Zelenskyy,internal_pool,https://en.wikipedia.org
https://en.wikipedia.org/wiki/Wallachia,internal_pool,https://en.wikipedia.org
https://en.wikipedia.org/wiki/Wikimedia_Foundation,internal_pool,https://en.wikipedia.org
https://en.wikipedia.org/wiki/Wikipedia,internal_pool,https://en.wikipedia.org
https://en.wikipedia.org/wiki/Wikipedia:About,internal_pool,https://en.wikipedia.org
https://en.wikipedia.org/wiki/Wikipedia:About_Today%27s_featured_article,internal_pool,https://en.wikipedia.org
https://en.wikipedia.org/wiki/Wikipedia:Community_portal,internal_pool,https://en.wikipedia.org
https://en.wikipedia.org/wiki/Wikipedia:Contact_us,internal_pool,https://en.wikipedia.org
https://en.wikipedia.org/wiki/Wikipedia:Contents,internal_pool,https://en.wikipedia.org
https://en.wikipedia.org/wiki/Wikipedia:Contents/Portals,internal_pool,https://en.wikipedia.org
https://en.wikipedia.org/wiki/Wikipedia:Did_you_know_archive,internal_pool,https://en.wikipedia.org
https://en.wikipedia.org/wiki/Wikipedia:Featured_articles_(linked_from_TFAfooter),internal_pool,https://en.wikipedia.org
https://en.wikipedia.org/wiki/Wikipedia:Featured_pictures,internal_pool,https://en.wikipedia.org
https://en.wikipedia.org/wiki/Wikipedia:File_Upload_Wizard,internal_pool,https://en.wikipedia.org
https://en.wikipedia.org/wiki/Wikipedia:File_upload_wizard,internal_pool,https://en.wikipedia.org
https://en.wikipedia.org/wiki/Wikipedia:General_disclaimer,internal_pool,https://en.wikipedia.org
https://en.wikipedia.org/wiki/Wikipedia:Help_desk,internal_pool,https://en.wikipedia.org
https://en.wikipedia.org/wiki/Wikipedia:In_the_news/Candidates,internal_pool,https://en.wikipedia.org
https://en.wikipedia.org/wiki/Wikipedia:News,internal_pool,https://en.wikipedia.org
https://en.wikipedia.org/wiki/Wikipedia:Picture_of_the_day/Archive,internal_pool,https://en.wikipedia.org
https://en.wikipedia.org/wiki/Wikipedia:Reference_desk,internal_pool,https://en.wikipedia.org
https://en.wikipedia.org/wiki/Wikipedia:Selected_anniversaries,internal_pool,https://en.wikipedia.org
https://en.wikipedia.org/wiki/Wikipedia:Selected_anniversaries/May,internal_pool,https://en.wikipedia.org
https://en.wikipedia.org/wiki/Wikipedia:Teahouse,internal_pool,https://en.wikipedia.org
https://en.wikipedia.org/wiki/Wikipedia:Text_of_the_Creative_Commons_Attribution-ShareAlike_4.0_International_License,internal_pool,https://en.wikipedia.org
https://en.wikipedia.org/wiki/Wikipedia:Today%27s_featured_article/May_2026,internal_pool,https://en.wikipedia.org
https://en.wikipedia.org/wiki/Wikipedia:Village_pump,internal_pool,https://en.wikipedia.org
https://en.wikipedia.org/wiki/William_Birdwood,internal_pool,https://en.wikipedia.org
https://en.wikipedia.org/wiki/World_Hypertension_Day,internal_pool,https://en.wikipedia.org
https://eo.wikipedia.org/wiki,internal_pool,https://en.wikipedia.org
https://eo.wikipedia.org/wiki/Vikipedio:%C4%88efpa%C4%9Do,internal_pool,https://en.wikipedia.org
https://es.wikipedia.org/wiki,internal_pool,https://en.wikipedia.org
https://es.wikipedia.org/wiki/Wikipedia:Portada,internal_pool,https://en.wikipedia.org
https://et.wikipedia.org/wiki,internal_pool,https://en.wikipedia.org
https://et.wikipedia.org/wiki/Vikipeedia:Esileht,internal_pool,https://en.wikipedia.org
https://eu.wikipedia.org/wiki,internal_pool,https://en.wikipedia.org
https://eu.wikipedia.org/wiki/Azala,internal_pool,https://en.wikipedia.org
https://ext.wikipedia.org/wiki/Port%C3%A1_antigua,internal_pool,https://en.wikipedia.org
https://fa.wikipedia.org/wiki,internal_pool,https://en.wikipedia.org
https://fa.wikipedia.org/wiki/%D8%B5%D9%81%D8%AD%D9%87%D9%94_%D8%A7%D8%B5%D9%84%DB%8C,internal_pool,https://en.wikipedia.org
https://fat.wikipedia.org/wiki/Kratafa_Tsitsir,internal_pool,https://en.wikipedia.org
https://ff.wikipedia.org/wiki/Hello_ja%C9%93%C9%93orgo,internal_pool,https://en.wikipedia.org
https://fi.wikipedia.org/wiki,internal_pool,https://en.wikipedia.org
https://fi.wikipedia.org/wiki/Wikipedia:Etusivu,internal_pool,https://en.wikipedia.org
https://fiu-vro.wikipedia.org/wiki/Wikipedia:P%C3%A4%C3%A4leht,internal_pool,https://en.wikipedia.org
https://fj.wikipedia.org/wiki/Tabana_levu,internal_pool,https://en.wikipedia.org
https://fo.wikipedia.org/wiki/Fors%C3%AD%C3%B0a,internal_pool,https://en.wikipedia.org
https://fon.wikipedia.org/wiki/W%C3%A9m%C3%A1_Nuk%C9%94nt%C9%94n,internal_pool,https://en.wikipedia.org
https://fr.wikipedia.org/wiki,internal_pool,https://en.wikipedia.org
https://fr.wikipedia.org/wiki/Wikip%C3%A9dia:Accueil_principal,internal_pool,https://en.wikipedia.org
https://frp.wikipedia.org/wiki/Vouiquip%C3%A8dia:Re%C3%A7ua_princip%C3%A2la,internal_pool,https://en.wikipedia.org
https://frr.wikipedia.org/wiki/Wikipedia:Hoodsid,internal_pool,https://en.wikipedia.org
https://fur.wikipedia.org/wiki/Pagjine_princip%C3%A2l,internal_pool,https://en.wikipedia.org
https://fy.wikipedia.org/wiki,internal_pool,https://en.wikipedia.org
https://fy.wikipedia.org/wiki/Haadside,internal_pool,https://en.wikipedia.org
https://ga.wikipedia.org/wiki,internal_pool,https://en.wikipedia.org
https://ga.wikipedia.org/wiki/Pr%C3%ADomhleathanach,internal_pool,https://en.wikipedia.org
https://gag.wikipedia.org/wiki/Ba%C5%9F_yaprak,internal_pool,https://en.wikipedia.org
https://gan.wikipedia.org/wiki/%E5%B0%81%E9%9D%A2,internal_pool,https://en.wikipedia.org
https://gcr.wikipedia.org/wiki/Paj_Prensipal,internal_pool,https://en.wikipedia.org
https://gd.wikipedia.org/wiki/Pr%C3%AComh-Dhuilleag,internal_pool,https://en.wikipedia.org
https://gl.wikipedia.org/wiki,internal_pool,https://en.wikipedia.org
https://gl.wikipedia.org/wiki/Portada,internal_pool,https://en.wikipedia.org
https://glk.wikipedia.org/wiki/%DA%AF%D8%AA%CB%87_%D9%88%D9%84%DA%AF,internal_pool,https://en.wikipedia.org
https://gn.wikipedia.org/wiki/Kuatia_%C3%91epyr%C5%A9ha,internal_pool,https://en.wikipedia.org
https://gom.wikipedia.org/wiki/%E0%A4%AE%E0%A5%81%E0%A4%96%E0%A5%87%E0%A4%B2_%E0%A4%AA%E0%A4%BE%E0%A4%A8,internal_pool,https://en.wikipedia.org
https://gor.wikipedia.org/wiki/Halaman_Bungaliyo,internal_pool,https://en.wikipedia.org
https://got.wikipedia.org/wiki/%F0%90%8C%B0%F0%90%8C%BD%F0%90%8C%B0%F0%90%8D%83%F0%90%8D%84%F0%90%8D%89%F0%90%8C%B3%F0%90%8C%B4%F0%90%8C%B9%F0%90%8C%BD%F0%90%8C%B9%F0%90%8C%BB%F0%90%8C%B0%F0%90%8C%BF%F0%90%8D%86%F0%90%8D%83,internal_pool,https://en.wikipedia.org
https://gpe.wikipedia.org/wiki/Main_Page,internal_pool,https://en.wikipedia.org
https://gu.wikipedia.org/wiki/%E0%AA%AE%E0%AB%81%E0%AA%96%E0%AA%AA%E0%AB%83%E0%AA%B7%E0%AB%8D%E0%AA%A0,internal_pool,https://en.wikipedia.org
https://guc.wikipedia.org/wiki/Ee%27iyalaaya_a%27la%C3%BClaas%C3%BC,internal_pool,https://en.wikipedia.org
https://gur.wikipedia.org/wiki/P%C9%9Bgezure,internal_pool,https://en.wikipedia.org
https://guw.wikipedia.org/wiki/Weda_Tangan,internal_pool,https://en.wikipedia.org
https://gv.wikipedia.org/wiki/Ard-ghuillag,internal_pool,https://en.wikipedia.org
https://ha.wikipedia.org/wiki/Babban_shafi,internal_pool,https://en.wikipedia.org
https://hak.wikipedia.org/wiki/Th%C3%A8u-Ya%CC%8Dp,internal_pool,https://en.wikipedia.org
https://haw.wikipedia.org/wiki/Ka_papa_kinohi,internal_pool,https://en.wikipedia.org
https://he.wikipedia.org/wiki,internal_pool,https://en.wikipedia.org
https://he.wikipedia.org/wiki/%D7%A2%D7%9E%D7%95%D7%93_%D7%A8%D7%90%D7%A9%D7%99,internal_pool,https://en.wikipedia.org
https://hi.wikipedia.org/wiki/%E0%A4%AE%E0%A5%81%E0%A4%96%E0%A4%AA%E0%A5%83%E0%A4%B7%E0%A5%8D%E0%A4%A0,internal_pool,https://en.wikipedia.org
https://hif.wikipedia.org/wiki/Pahila_Panna,internal_pool,https://en.wikipedia.org
https://hr.wikipedia.org/wiki,internal_pool,https://en.wikipedia.org
https://hr.wikipedia.org/wiki/Glavna_stranica,internal_pool,https://en.wikipedia.org
https://hsb.wikipedia.org/wiki/H%C5%82owna_strona,internal_pool,https://en.wikipedia.org
https://ht.wikipedia.org/wiki/Paj_Prensipal,internal_pool,https://en.wikipedia.org
https://hu.wikipedia.org/wiki,internal_pool,https://en.wikipedia.org
https://hu.wikipedia.org/wiki/Kezd%C5%91lap,internal_pool,https://en.wikipedia.org
https://hy.wikipedia.org/wiki,internal_pool,https://en.wikipedia.org
https://hy.wikipedia.org/wiki/%D4%B3%D5%AC%D5%AD%D5%A1%D5%BE%D5%B8%D6%80_%D5%A7%D5%BB,internal_pool,https://en.wikipedia.org
https://hyw.wikipedia.org/wiki/%D4%B3%D5%AC%D5%AD%D5%A1%D6%82%D5%B8%D6%80_%D4%B7%D5%BB,internal_pool,https://en.wikipedia.org
https://ia.wikipedia.org/wiki/Pagina_principal,internal_pool,https://en.wikipedia.org
https://iba.wikipedia.org/wiki/Lambar_Keterubah,internal_pool,https://en.wikipedia.org
https://id.wikipedia.org/wiki,internal_pool,https://en.wikipedia.org
https://id.wikipedia.org/wiki/Halaman_Utama,internal_pool,https://en.wikipedia.org
https://ie.wikipedia.org/wiki/Principal_p%C3%A1gine,internal_pool,https://en.wikipedia.org
https://ig.wikipedia.org/wiki/Ihu_m%CC%80b%E1%BB%A5,internal_pool,https://en.wikipedia.org
https://igl.wikipedia.org/wiki/Ogb%C3%A1_ogbolo,internal_pool,https://en.wikipedia.org
https://ik.wikipedia.org/wiki/Aulla%C4%A1niisaa%C4%A1vik,internal_pool,https://en.wikipedia.org
https://ilo.wikipedia.org/wiki/Umuna_a_Panid,internal_pool,https://en.wikipedia.org
https://inh.wikipedia.org/wiki/%D0%9A%D0%B5%D1%80%D1%82%D1%82%D0%B5%D1%80%D0%B0_%D0%BE%D0%B0%D0%B3%D3%80%D1%83%D0%B2,internal_pool,https://en.wikipedia.org
https://io.wikipedia.org/wiki/Frontispico,internal_pool,https://en.wikipedia.org
https://is.wikipedia.org/wiki/Fors%C3%AD%C3%B0a,internal_pool,https://en.wikipedia.org
https://it.wikipedia.org/wiki,internal_pool,https://en.wikipedia.org
https://it.wikipedia.org/wiki/Pagina_principale,internal_pool,https://en.wikipedia.org
https://iu.wikipedia.org/wiki/%E1%90%8A%E1%92%A5%E1%96%85,internal_pool,https://en.wikipedia.org
https://ja.wikipedia.org/wiki,internal_pool,https://en.wikipedia.org
https://ja.wikipedia.org/wiki/%E3%83%A1%E3%82%A4%E3%83%B3%E3%83%9A%E3%83%BC%E3%82%B8,internal_pool,https://en.wikipedia.org
https://jam.wikipedia.org/wiki/Mien_Piej,internal_pool,https://en.wikipedia.org
https://jbo.wikipedia.org/wiki/uikipedi%27as:ralju,internal_pool,https://en.wikipedia.org
https://jv.wikipedia.org/wiki/Wikip%C3%A9dia:Pendhapa,internal_pool,https://en.wikipedia.org
https://ka.wikipedia.org/wiki,internal_pool,https://en.wikipedia.org
https://ka.wikipedia.org/wiki/%E1%83%9B%E1%83%97%E1%83%90%E1%83%95%E1%83%90%E1%83%A0%E1%83%98_%E1%83%92%E1%83%95%E1%83%94%E1%83%A0%E1%83%93%E1%83%98,internal_pool,https://en.wikipedia.org
https://kaa.wikipedia.org/wiki/Bas_bet,internal_pool,https://en.wikipedia.org
https://kab.wikipedia.org/wiki/Asebter_agejdan,internal_pool,https://en.wikipedia.org
https://kai.wikipedia.org/wiki/Sh%C3%A0fi_Maiw%C3%A0a,internal_pool,https://en.wikipedia.org
https://kaj.wikipedia.org/wiki/A%CC%B1gba%CC%B1dang_Ka%CC%B1zzu,internal_pool,https://en.wikipedia.org
https://kbd.wikipedia.org/wiki/%D0%9D%D0%B0%D0%BF%D1%8D%D0%BA%D3%80%D1%83%D1%8D%D1%86%D3%80_%D0%BD%D1%8D%D1%85%D1%8A%D1%8B%D1%89%D1%85%D1%8C%D1%8D,internal_pool,https://en.wikipedia.org
https://kbp.wikipedia.org/wiki/Tal%C9%A9_%C9%96eu,internal_pool,https://en.wikipedia.org
https://kcg.wikipedia.org/wiki/A%CC%B1tsak_Wat_Wu,internal_pool,https://en.wikipedia.org
https://kg.wikipedia.org/wiki/Muk%C3%A2nda_ya_ngudi,internal_pool,https://en.wikipedia.org
https://kge.wikipedia.org/wiki/Wikipidiya:Garang,internal_pool,https://en.wikipedia.org
https://ki.wikipedia.org/wiki/Main_Page,internal_pool,https://en.wikipedia.org
https://kk.wikipedia.org/wiki/%D0%91%D0%B0%D1%81%D1%82%D1%8B_%D0%B1%D0%B5%D1%82,internal_pool,https://en.wikipedia.org
https://kl.wikipedia.org/wiki/Saqqaa,internal_pool,https://en.wikipedia.org
https://km.wikipedia.org/wiki/%E1%9E%91%E1%9F%86%E1%9E%96%E1%9F%90%E1%9E%9A%E1%9E%8A%E1%9E%BE%E1%9E%98,internal_pool,https://en.wikipedia.org
https://kn.wikipedia.org/wiki/%E0%B2%AE%E0%B3%81%E0%B2%96%E0%B3%8D%E0%B2%AF_%E0%B2%AA%E0%B3%81%E0%B2%9F,internal_pool,https://en.wikipedia.org
https://knc.wikipedia.org/wiki/Wikipedia:Shafi_kura,internal_pool,https://en.wikipedia.org
https://ko.wikipedia.org/wiki,internal_pool,https://en.wikipedia.org
https://ko.wikipedia.org/wiki/%EC%9C%84%ED%82%A4%EB%B0%B1%EA%B3%BC:%EB%8C%80%EB%AC%B8,internal_pool,https://en.wikipedia.org
https://koi.wikipedia.org/wiki/%D0%9F%D0%BE%D0%BD%D0%B4%D3%A7%D1%82%D1%87%D0%B0%D0%BD_%D0%BB%D0%B8%D1%81%D1%82%D0%B1%D0%BE%D0%BA,internal_pool,https://en.wikipedia.org
https://krc.wikipedia.org/wiki/%D0%91%D0%B0%D1%88_%D0%B1%D0%B5%D1%82,internal_pool,https://en.wikipedia.org
https://ks.wikipedia.org/wiki/%D8%A7%D9%8E%DB%81%D9%8E%D9%85_%D8%B5%D9%8E%D9%81%DB%81%D9%95,internal_pool,https://en.wikipedia.org
https://ksh.wikipedia.org/wiki/Wikipedia:Houpsigk,internal_pool,https://en.wikipedia.org
https://ku.wikipedia.org/wiki,internal_pool,https://en.wikipedia.org
https://ku.wikipedia.org/wiki/Destp%C3%AAk,internal_pool,https://en.wikipedia.org
https://kus.wikipedia.org/wiki/Zug_lakir,internal_pool,https://en.wikipedia.org
https://kv.wikipedia.org/wiki/%D0%9C%D0%B5%D0%B4%D1%88%D3%A7%D1%80_%D0%BB%D0%B8%D1%81%D1%82_%D0%B1%D0%BE%D0%BA,internal_pool,https://en.wikipedia.org
https://kw.wikipedia.org/wiki/Folen_dre,internal_pool,https://en.wikipedia.org
https://ky.wikipedia.org/wiki/%D0%91%D0%B0%D1%88%D0%BA%D1%8B_%D0%B1%D0%B0%D1%80%D0%B0%D0%BA,internal_pool,https://en.wikipedia.org
https://la.wikipedia.org/wiki/Vicipaedia:Pagina_prima,internal_pool,https://en.wikipedia.org
https://lad.wikipedia.org/wiki/La_Primera_Oja,internal_pool,https://en.wikipedia.org
https://lb.wikipedia.org/wiki/Haapts%C3%A4it,internal_pool,https://en.wikipedia.org
https://lbe.wikipedia.org/wiki/%D0%90%D0%B3%D1%8C%D0%B0%D0%BC%D0%BC%D1%83%D1%80_%D0%BB%D0%B0%D0%B6%D0%B8%D0%BD,internal_pool,https://en.wikipedia.org
https://lez.wikipedia.org/wiki/%D0%9A%D1%8C%D0%B8%D0%BB%D0%B8%D0%BD_%D1%87%D1%87%D0%B8%D0%BD,internal_pool,https://en.wikipedia.org
https://lfn.wikipedia.org/wiki/Paje_xef,internal_pool,https://en.wikipedia.org
https://lg.wikipedia.org/wiki/Olupapula_Olusooka,internal_pool,https://en.wikipedia.org
https://li.wikipedia.org/wiki/Veurblaad,internal_pool,https://en.wikipedia.org
https://lij.wikipedia.org/wiki/Pagina_prin%C3%A7ip%C3%A2,internal_pool,https://en.wikipedia.org
https://lld.wikipedia.org/wiki/Plata_prinzipala,internal_pool,https://en.wikipedia.org
https://lmo.wikipedia.org/wiki/Pagina_principala,internal_pool,https://en.wikipedia.org
https://ln.wikipedia.org/wiki/Lok%C3%A1s%C3%A1_ya_libos%C3%B3,internal_pool,https://en.wikipedia.org
https://lo.wikipedia.org/wiki/%E0%BB%9C%E0%BB%89%E0%BA%B2%E0%BA%AB%E0%BA%BC%E0%BA%B1%E0%BA%81,internal_pool,https://en.wikipedia.org
https://lt.wikipedia.org/wiki,internal_pool,https://en.wikipedia.org
https://lt.wikipedia.org/wiki/Pagrindinis_puslapis,internal_pool,https://en.wikipedia.org
https://ltg.wikipedia.org/wiki/Suoku_puslopa,internal_pool,https://en.wikipedia.org
https://lv.wikipedia.org/wiki,internal_pool,https://en.wikipedia.org
https://lv.wikipedia.org/wiki/S%C4%81kumlapa,internal_pool,https://en.wikipedia.org
https://mad.wikipedia.org/wiki/Tan%C3%A8yan,internal_pool,https://en.wikipedia.org
https://mai.wikipedia.org/wiki/%E0%A4%B8%E0%A4%AE%E0%A5%8D%E0%A4%AE%E0%A5%81%E0%A4%96_%E0%A4%AA%E0%A4%A8%E0%A5%8D%E0%A4%A8%E0%A4%BE,internal_pool,https://en.wikipedia.org
https://map-bms.wikipedia.org/wiki/Kaca_Utama,internal_pool,https://en.wikipedia.org
https://mdf.wikipedia.org/wiki/%D0%9F%D1%80%D1%8F_%D0%BB%D0%BE%D0%BF%D0%B0,internal_pool,https://en.wikipedia.org
https://mg.wikipedia.org/wiki/Wikipedia:Fandraisana,internal_pool,https://en.wikipedia.org
https://mhr.wikipedia.org/wiki/%D0%A2%D3%B1%D2%A5_%D0%BB%D0%B0%D1%88%D1%82%D1%8B%D0%BA,internal_pool,https://en.wikipedia.org
https://mi.wikipedia.org/wiki/Hau_K%C4%81inga,internal_pool,https://en.wikipedia.org
https://min.wikipedia.org/wiki/Laman_Utamo,internal_pool,https://en.wikipedia.org
https://mk.wikipedia.org/wiki,internal_pool,https://en.wikipedia.org
https://mk.wikipedia.org/wiki/%D0%93%D0%BB%D0%B0%D0%B2%D0%BD%D0%B0_%D1%81%D1%82%D1%80%D0%B0%D0%BD%D0%B8%D1%86%D0%B0,internal_pool,https://en.wikipedia.org
https://ml.wikipedia.org/wiki,internal_pool,https://en.wikipedia.org
https://ml.wikipedia.org/wiki/%E0%B4%AA%E0%B5%8D%E0%B4%B0%E0%B4%A7%E0%B4%BE%E0%B4%A8_%E0%B4%A4%E0%B4%BE%E0%B5%BE,internal_pool,https://en.wikipedia.org
https://mn.wikipedia.org/wiki/%D0%9D%D2%AF%D2%AF%D1%80_%D1%85%D1%83%D1%83%D0%B4%D0%B0%D1%81,internal_pool,https://en.wikipedia.org
https://mni.wikipedia.org/wiki/%EA%AF%83%EA%AF%94%EA%AF%A8%EA%AF%91%EA%AF%A3%EA%AF%8F%EA%AF%95_%EA%AF%82%EA%AF%83%EA%AF%A5%EA%AF%8F,internal_pool,https://en.wikipedia.org
https://mnw.wikipedia.org/wiki/%E1%80%99%E1%80%AF%E1%80%80%E1%80%BA%E1%80%9C%E1%80%AD%E1%80%80%E1%80%BA%E1%80%90%E1%80%99%E1%80%BA,internal_pool,https://en.wikipedia.org
https://mos.wikipedia.org/wiki/Soraogo,internal_pool,https://en.wikipedia.org
https://mr.wikipedia.org/wiki/%E0%A4%AE%E0%A5%81%E0%A4%96%E0%A4%AA%E0%A5%83%E0%A4%B7%E0%A5%8D%E0%A4%A0,internal_pool,https://en.wikipedia.org
https://mrj.wikipedia.org/wiki/%D0%A2%D3%B9%D0%BD%D0%B3_%D3%B9%D0%BB%D3%B9%D1%88%D1%82%D3%93%D1%88,internal_pool,https://en.wikipedia.org
https://ms.wikipedia.org/wiki,internal_pool,https://en.wikipedia.org
https://ms.wikipedia.org/wiki/Laman_Utama,internal_pool,https://en.wikipedia.org
https://mt.wikipedia.org/wiki/Il-Pa%C4%A1na_prin%C4%8Bipali,internal_pool,https://en.wikipedia.org
https://mwl.wikipedia.org/wiki/Biquip%C3%A9dia:P%C3%A1igina_percipal,internal_pool,https://en.wikipedia.org
https://my.wikipedia.org/wiki,internal_pool,https://en.wikipedia.org
https://my.wikipedia.org/wiki/%E1%80%97%E1%80%9F%E1%80%AD%E1%80%AF%E1%80%85%E1%80%AC%E1%80%99%E1%80%BB%E1%80%80%E1%80%BA%E1%80%94%E1%80%BE%E1%80%AC,internal_pool,https://en.wikipedia.org
https://myv.wikipedia.org/wiki/%D0%9F%D1%80%D1%8F%D0%B2%D1%82%D0%BB%D0%BE%D0%BF%D0%B0,internal_pool,https://en.wikipedia.org
https://mzn.wikipedia.org/wiki/%DA%AF%D8%AA_%D8%B5%D9%81%D8%AD%D9%87,internal_pool,https://en.wikipedia.org
https://nah.wikipedia.org/wiki/Cal%C4%ABxatl,internal_pool,https://en.wikipedia.org
https://nap.wikipedia.org/wiki/Paggena_prencepale,internal_pool,https://en.wikipedia.org
https://nds-nl.wikipedia.org/wiki/V%C3%B6%C3%A4rblad,internal_pool,https://en.wikipedia.org
https://nds.wikipedia.org/wiki/Wikipedia:H%C3%B6%C3%B6ftsiet,internal_pool,https://en.wikipedia.org
https://ne.wikipedia.org/wiki/%E0%A4%AE%E0%A5%81%E0%A4%96%E0%A5%8D%E0%A4%AF_%E0%A4%AA%E0%A5%83%E0%A4%B7%E0%A5%8D%E0%A4%A0,internal_pool,https://en.wikipedia.org
https://new.wikipedia.org/wiki/%E0%A4%AE%E0%A5%82_%E0%A4%AA%E0%A5%8C,internal_pool,https://en.wikipedia.org
https://nia.wikipedia.org/wiki/Wikipedia:Olayama,internal_pool,https://en.wikipedia.org
https://nl.wikipedia.org/wiki,internal_pool,https://en.wikipedia.org
https://nl.wikipedia.org/wiki/Hoofdpagina,internal_pool,https://en.wikipedia.org
https://nn.wikipedia.org/wiki,internal_pool,https://en.wikipedia.org
https://nn.wikipedia.org/wiki/Hovudside,internal_pool,https://en.wikipedia.org
https://no.wikipedia.org/wiki,internal_pool,https://en.wikipedia.org
https://no.wikipedia.org/wiki/Forside,internal_pool,https://en.wikipedia.org
https://nov.wikipedia.org/wiki/Chefi_pagine,internal_pool,https://en.wikipedia.org
https://nqo.wikipedia.org/wiki/%DF%93%DF%8F%DF%AC%DF%9F%DF%8F%DF%B2%DF%AC%DF%98%DF%8A,internal_pool,https://en.wikipedia.org
https://nr.wikipedia.org/wiki/Main_Page,internal_pool,https://en.wikipedia.org
https://nrm.wikipedia.org/wiki/Page_d%C3%A9_garde,internal_pool,https://en.wikipedia.org
https://nso.wikipedia.org/wiki/Letlakala_la_pele,internal_pool,https://en.wikipedia.org
https://nup.wikipedia.org/wiki/Kpataki_Kperegi,internal_pool,https://en.wikipedia.org
https://nv.wikipedia.org/wiki/%C3%8Diyis%C3%AD%C3%AD_Naaltsoos,internal_pool,https://en.wikipedia.org
https://ny.wikipedia.org/wiki/Tsamba_Lalikulu,internal_pool,https://en.wikipedia.org
https://oc.wikipedia.org/wiki/Acu%C3%A8lh,internal_pool,https://en.wikipedia.org
https://olo.wikipedia.org/wiki/Pi%C3%A4sivu,internal_pool,https://en.wikipedia.org
https://om.wikipedia.org/wiki/Fuula_Dura,internal_pool,https://en.wikipedia.org
https://or.wikipedia.org/wiki/%E0%AC%AA%E0%AD%8D%E0%AC%B0%E0%AC%A7%E0%AC%BE%E0%AC%A8_%E0%AC%AA%E0%AD%83%E0%AC%B7%E0%AD%8D%E0%AC%A0%E0%AC%BE,internal_pool,https://en.wikipedia.org
https://os.wikipedia.org/wiki/%D0%A1%C3%A6%D0%B9%D1%80%D0%B0%D0%B3_%D1%84%D0%B0%D1%80%D1%81,internal_pool,https://en.wikipedia.org
https://pa.wikipedia.org/wiki,internal_pool,https://en.wikipedia.org
https://pa.wikipedia.org/wiki/%E0%A8%AE%E0%A9%81%E0%A9%B1%E0%A8%96_%E0%A8%B8%E0%A8%AB%E0%A8%BC%E0%A8%BE,internal_pool,https://en.wikipedia.org
https://pag.wikipedia.org/wiki/Arapan_ya_Bolong,internal_pool,https://en.wikipedia.org
https://pam.wikipedia.org/wiki/Pun_Bulung,internal_pool,https://en.wikipedia.org
https://pap.wikipedia.org/wiki/P%C3%A1gina_Prinsipal,internal_pool,https://en.wikipedia.org
https://pcd.wikipedia.org/wiki/Accueul,internal_pool,https://en.wikipedia.org
https://pcm.wikipedia.org/wiki/Main_Pej,internal_pool,https://en.wikipedia.org
https://pdc.wikipedia.org/wiki/Haaptblatt,internal_pool,https://en.wikipedia.org
https://pfl.wikipedia.org/wiki/Wikipedia:Haubdsaid,internal_pool,https://en.wikipedia.org
https://pi.wikipedia.org/wiki/%E0%A4%AA%E0%A4%AE%E0%A5%81%E0%A4%96_%E0%A4%AA%E0%A4%A4%E0%A5%8D%E0%A4%A4_Pamukha_patta,internal_pool,https://en.wikipedia.org
https://pl.wikipedia.org/wiki,internal_pool,https://en.wikipedia.org
https://pl.wikipedia.org/wiki/Wikipedia:Strona_g%C5%82%C3%B3wna,internal_pool,https://en.wikipedia.org
https://pms.wikipedia.org/wiki/Intrada,internal_pool,https://en.wikipedia.org
https://pnb.wikipedia.org/wiki/%D9%BE%DB%81%D9%84%D8%A7_%D8%B5%D9%81%DB%81,internal_pool,https://en.wikipedia.org
https://pnt.wikipedia.org/wiki/%CE%91%CF%81%CF%87%CE%B9%CE%BA%CF%8C%CE%BD_%CF%83%CE%B5%CE%BB%CE%AF%CE%B4%CE%B1,internal_pool,https://en.wikipedia.org
https://ppl.wikipedia.org/wiki/Achtu_Amat,internal_pool,https://en.wikipedia.org
https://ps.wikipedia.org/wiki/%D9%84%D9%88%D9%85%DA%93%DB%8C_%D9%85%D8%AE,internal_pool,https://en.wikipedia.org
https://pt.wikipedia.org/wiki,internal_pool,https://en.wikipedia.org
https://pt.wikipedia.org/wiki/Wikip%C3%A9dia:P%C3%A1gina_principal,internal_pool,https://en.wikipedia.org
https://pwn.wikipedia.org/wiki/sitjumaq_na_sapitj,internal_pool,https://en.wikipedia.org
https://qu.wikipedia.org/wiki/Qhapaq_p%27anqa,internal_pool,https://en.wikipedia.org
https://rki.wikipedia.org/wiki/%E1%80%A1%E1%80%93%E1%80%AD%E1%80%80%E1%80%85%E1%80%AC%E1%80%99%E1%80%BB%E1%80%80%E1%80%BA%E1%80%94%E1%80%BE%E1%80%AC,internal_pool,https://en.wikipedia.org
https://rm.wikipedia.org/wiki/Wikipedia:Pagina_principala,internal_pool,https://en.wikipedia.org
https://rmy.wikipedia.org/wiki/Sherutni_patrin,internal_pool,https://en.wikipedia.org
https://rn.wikipedia.org/wiki/Urupapuro_nyamukuru,internal_pool,https://en.wikipedia.org
https://ro.wikipedia.org/wiki,internal_pool,https://en.wikipedia.org
https://ro.wikipedia.org/wiki/Pagina_principal%C4%83,internal_pool,https://en.wikipedia.org
https://roa-rup.wikipedia.org/wiki/Prota_fr%C3%A3ndz%C3%A3,internal_pool,https://en.wikipedia.org
https://roa-tara.wikipedia.org/wiki/Pagene_Prengep%C3%A1le,internal_pool,https://en.wikipedia.org
https://rsk.wikipedia.org/wiki/%D0%93%D0%BB%D0%B0%D0%B2%D0%BD%D0%B8_%D0%B1%D0%BE%D0%BA,internal_pool,https://en.wikipedia.org
https://ru.wikipedia.org/wiki,internal_pool,https://en.wikipedia.org
https://ru.wikipedia.org/wiki/%D0%97%D0%B0%D0%B3%D0%BB%D0%B0%D0%B2%D0%BD%D0%B0%D1%8F_%D1%81%D1%82%D1%80%D0%B0%D0%BD%D0%B8%D1%86%D0%B0,internal_pool,https://en.wikipedia.org
https://rue.wikipedia.org/wiki/%D0%93%D0%BE%D0%BB%D0%BE%D0%B2%D0%BD%D0%B0_%D1%81%D1%82%D0%BE%D1%80%D1%96%D0%BD%D0%BA%D0%B0,internal_pool,https://en.wikipedia.org
https://rw.wikipedia.org/wiki/Intangiriro,internal_pool,https://en.wikipedia.org
https://sa.wikipedia.org/wiki/%E0%A4%AE%E0%A5%81%E0%A4%96%E0%A5%8D%E0%A4%AF%E0%A4%AA%E0%A5%83%E0%A4%B7%E0%A5%8D%E0%A4%A0%E0%A4%AE%E0%A5%8D,internal_pool,https://en.wikipedia.org
https://sah.wikipedia.org/wiki/%D0%A1%D2%AF%D1%80%D2%AF%D0%BD_%D1%81%D0%B8%D1%80%D1%8D%D0%B9,internal_pool,https://en.wikipedia.org
https://sat.wikipedia.org/wiki/%E1%B1%A2%E1%B1%A9%E1%B1%AC%E1%B1%A9%E1%B1%9B_%E1%B1%A5%E1%B1%9F%E1%B1%A6%E1%B1%B4%E1%B1%9F,internal_pool,https://en.wikipedia.org
https://sc.wikipedia.org/wiki/P%C3%A0gina_printzipale,internal_pool,https://en.wikipedia.org
https://scn.wikipedia.org/wiki/P%C3%A0ggina_principali,internal_pool,https://en.wikipedia.org
https://sco.wikipedia.org/wiki/Main_Page,internal_pool,https://en.wikipedia.org
https://sd.wikipedia.org/wiki/%D9%85%D9%8F%DA%A9_%D8%B5%D9%81%D8%AD%D9%88,internal_pool,https://en.wikipedia.org
https://se.wikipedia.org/wiki/Port%C3%A1la:Ovdasiidu,internal_pool,https://en.wikipedia.org
https://sg.wikipedia.org/wiki/G%C3%A4_nz%C3%B6n%C3%AE,internal_pool,https://en.wikipedia.org
https://sh.wikipedia.org/wiki,internal_pool,https://en.wikipedia.org
https://sh.wikipedia.org/wiki/Glavna_stranica,internal_pool,https://en.wikipedia.org
https://shi.wikipedia.org/wiki/Tasna_Tamzwarut,internal_pool,https://en.wikipedia.org
https://shn.wikipedia.org/wiki/%E1%81%BC%E1%82%83%E1%82%88%E1%82%81%E1%80%B0%E1%80%9D%E1%80%BA%E1%82%81%E1%82%85%E1%81%B5%E1%80%BA%E1%82%88,internal_pool,https://en.wikipedia.org
https://si.wikipedia.org/wiki/%E0%B6%B8%E0%B7%94%E0%B6%BD%E0%B7%8A_%E0%B6%B4%E0%B7%92%E0%B6%A7%E0%B7%94%E0%B7%80,internal_pool,https://en.wikipedia.org
https://simple.wikipedia.org/wiki,internal_pool,https://en.wikipedia.org
https://simple.wikipedia.org/wiki/Main_Page,internal_pool,https://en.wikipedia.org
https://sk.wikipedia.org/wiki,internal_pool,https://en.wikipedia.org
https://sk.wikipedia.org/wiki/Hlavn%C3%A1_str%C3%A1nka,internal_pool,https://en.wikipedia.org
https://skr.wikipedia.org/wiki/%D9%BE%DB%81%D9%84%D8%A7_%D9%BE%D8%B1%D8%AA,internal_pool,https://en.wikipedia.org
https://sl.wikipedia.org/wiki,internal_pool,https://en.wikipedia.org
https://sl.wikipedia.org/wiki/Glavna_stran,internal_pool,https://en.wikipedia.org
https://sm.wikipedia.org/wiki/It%C5%ABlau_Muamua,internal_pool,https://en.wikipedia.org
https://smn.wikipedia.org/wiki/Ovd%C3%A2sij%C4%91o,internal_pool,https://en.wikipedia.org
https://sn.wikipedia.org/wiki/Peji_Rekutanga,internal_pool,https://en.wikipedia.org
https://so.wikipedia.org/wiki/Bogga_Hore,internal_pool,https://en.wikipedia.org
https://sq.wikipedia.org/wiki,internal_pool,https://en.wikipedia.org
https://sq.wikipedia.org/wiki/Faqja_kryesore,internal_pool,https://en.wikipedia.org
https://sr.wikipedia.org/wiki,internal_pool,https://en.wikipedia.org
https://sr.wikipedia.org/wiki/%D0%93%D0%BB%D0%B0%D0%B2%D0%BD%D0%B0_%D1%81%D1%82%D1%80%D0%B0%D0%BD%D0%B0,internal_pool,https://en.wikipedia.org
https://srn.wikipedia.org/wiki/Fesipapira,internal_pool,https://en.wikipedia.org
https://ss.wikipedia.org/wiki/Likhasi_Lelikhulu,internal_pool,https://en.wikipedia.org
https://st.wikipedia.org/wiki/Leqephe_la_pele,internal_pool,https://en.wikipedia.org
https://stq.wikipedia.org/wiki/Haudsiede,internal_pool,https://en.wikipedia.org
https://su.wikipedia.org/wiki/Tepas,internal_pool,https://en.wikipedia.org
https://sv.wikipedia.org/wiki,internal_pool,https://en.wikipedia.org
https://sv.wikipedia.org/wiki/Portal:Huvudsida,internal_pool,https://en.wikipedia.org
https://sw.wikipedia.org/wiki/Mwanzo,internal_pool,https://en.wikipedia.org
https://syl.wikipedia.org/wiki/%EA%A0%9D%EA%A0%A5%EA%A0%9F_%EA%A0%9A%EA%A0%A3%EA%A0%94%EA%A0%A3,internal_pool,https://en.wikipedia.org
https://szl.wikipedia.org/wiki/Przodni%C5%8F_zajta,internal_pool,https://en.wikipedia.org
https://szy.wikipedia.org/wiki/saayaway_a_belih,internal_pool,https://en.wikipedia.org
https://ta.wikipedia.org/wiki/%E0%AE%AE%E0%AF%81%E0%AE%A4%E0%AE%B1%E0%AF%8D_%E0%AE%AA%E0%AE%95%E0%AF%8D%E0%AE%95%E0%AE%AE%E0%AF%8D,internal_pool,https://en.wikipedia.org
https://tay.wikipedia.org/wiki/T%E2%80%99ringan_na_zzngayan,internal_pool,https://en.wikipedia.org
https://tcy.wikipedia.org/wiki/%E0%B2%AE%E0%B3%81%E0%B2%96%E0%B3%8D%E0%B2%AF_%E0%B2%AA%E0%B3%81%E0%B2%9F,internal_pool,https://en.wikipedia.org
https://tdd.wikipedia.org/wiki/%E1%A5%9E%E1%A5%A8%E1%A5%9D%E1%A5%B4_%E1%A5%98%E1%A5%A3%E1%A5%B2_%E1%A5%96%E1%A5%A5%E1%A5%B0,internal_pool,https://en.wikipedia.org
https://te.wikipedia.org/wiki,internal_pool,https://en.wikipedia.org
https://te.wikipedia.org/wiki/%E0%B0%AE%E0%B1%8A%E0%B0%A6%E0%B0%9F%E0%B0%BF_%E0%B0%AA%E0%B1%87%E0%B0%9C%E0%B1%80,internal_pool,https://en.wikipedia.org
https://tet.wikipedia.org/wiki/P%C3%A1jina_Mahuluk,internal_pool,https://en.wikipedia.org
https://tg.wikipedia.org/wiki/%D0%A1%D0%B0%D2%B3%D0%B8%D1%84%D0%B0%D0%B8_%D0%B0%D1%81%D0%BB%D3%A3,internal_pool,https://en.wikipedia.org
https://th.wikipedia.org/wiki,internal_pool,https://en.wikipedia.org
https://th.wikipedia.org/wiki/%E0%B8%AB%E0%B8%99%E0%B9%89%E0%B8%B2%E0%B8%AB%E0%B8%A5%E0%B8%B1%E0%B8%81,internal_pool,https://en.wikipedia.org
https://ti.wikipedia.org/wiki/%E1%88%98%E1%89%A0%E1%8C%88%E1%88%B2_%E1%8C%88%E1%8C%BD,internal_pool,https://en.wikipedia.org
https://tig.wikipedia.org/wiki/%E1%8A%A0%E1%8C%8D%E1%8B%B3_%E1%8C%88%E1%8C%BD,internal_pool,https://en.wikipedia.org
https://tk.wikipedia.org/wiki/Ba%C5%9F_Sahypa,internal_pool,https://en.wikipedia.org
https://tl.wikipedia.org/wiki/Unang_Pahina,internal_pool,https://en.wikipedia.org
https://tly.wikipedia.org/wiki/S%C9%99rlovh%C9%99,internal_pool,https://en.wikipedia.org
https://tn.wikipedia.org/wiki/Tsebe_ya_konokono,internal_pool,https://en.wikipedia.org
https://to.wikipedia.org/wiki/Peesi_tali_fiefia,internal_pool,https://en.wikipedia.org
https://tok.wikipedia.org/wiki/lipu_open,internal_pool,https://en.wikipedia.org
https://tpi.wikipedia.org/wiki/Fran_pes,internal_pool,https://en.wikipedia.org
https://tr.wikipedia.org/wiki,internal_pool,https://en.wikipedia.org
https://tr.wikipedia.org/wiki/Anasayfa,internal_pool,https://en.wikipedia.org
https://trv.wikipedia.org/wiki/Ruwahan_patas,internal_pool,https://en.wikipedia.org
https://ts.wikipedia.org/wiki/Tlukankulu,internal_pool,https://en.wikipedia.org
https://tt.wikipedia.org/wiki/%D0%91%D0%B0%D1%88_%D0%B1%D0%B8%D1%82,internal_pool,https://en.wikipedia.org
https://tum.wikipedia.org/wiki/Jani_likulu,internal_pool,https://en.wikipedia.org
https://tw.wikipedia.org/wiki/Kratafa_Titiriw,internal_pool,https://en.wikipedia.org
https://ty.wikipedia.org/wiki/Fa%E2%80%99ari%E2%80%99ira%E2%80%99a,internal_pool,https://en.wikipedia.org
https://tyv.wikipedia.org/wiki/%D0%9A%D0%BE%D0%BB_%D0%B0%D1%80%D1%8B%D0%BD,internal_pool,https://en.wikipedia.org
https://udm.wikipedia.org/wiki/%D0%9A%D1%83%D1%82%D1%81%D0%BA%D0%BE%D0%BD_%D0%B1%D0%B0%D0%BC,internal_pool,https://en.wikipedia.org
https://ug.wikipedia.org/wiki/%D8%A8%D8%A7%D8%B4_%D8%A8%DB%95%D8%AA,internal_pool,https://en.wikipedia.org
https://uk.wikipedia.org/wiki,internal_pool,https://en.wikipedia.org
https://uk.wikipedia.org/wiki/%D0%93%D0%BE%D0%BB%D0%BE%D0%B2%D0%BD%D0%B0_%D1%81%D1%82%D0%BE%D1%80%D1%96%D0%BD%D0%BA%D0%B0,internal_pool,https://en.wikipedia.org
https://ur.wikipedia.org/wiki,internal_pool,https://en.wikipedia.org
https://ur.wikipedia.org/wiki/%D8%B5%D9%81%D8%AD%DB%82_%D8%A7%D9%88%D9%84,internal_pool,https://en.wikipedia.org
https://uz.wikipedia.org/wiki,internal_pool,https://en.wikipedia.org
https://uz.wikipedia.org/wiki/Bosh_Sahifa,internal_pool,https://en.wikipedia.org
https://ve.wikipedia.org/wiki/Hayani,internal_pool,https://en.wikipedia.org
https://vec.wikipedia.org/wiki/Wikipedia:Prinsipio,internal_pool,https://en.wikipedia.org
https://vep.wikipedia.org/wiki/P%C3%A4lehtpol%E2%80%99,internal_pool,https://en.wikipedia.org
https://vi.wikipedia.org/wiki,internal_pool,https://en.wikipedia.org
https://vi.wikipedia.org/wiki/Trang_Ch%C3%ADnh,internal_pool,https://en.wikipedia.org
https://vls.wikipedia.org/wiki/Voorblad,internal_pool,https://en.wikipedia.org
https://vo.wikipedia.org/wiki/Cifapad,internal_pool,https://en.wikipedia.org
https://wa.wikipedia.org/wiki/Mwaisse_p%C3%A5dje,internal_pool,https://en.wikipedia.org
https://war.wikipedia.org/wiki/Syahan_nga_Pakli,internal_pool,https://en.wikipedia.org
https://wo.wikipedia.org/wiki/X%C3%ABt_wu_nj%C3%ABkk,internal_pool,https://en.wikipedia.org
https://wuu.wikipedia.org/wiki/%E5%B0%81%E9%9D%A2,internal_pool,https://en.wikipedia.org
https://xal.wikipedia.org/wiki/%D0%9D%D2%AF%D1%80_%D1%85%D0%B0%D0%BB%D1%85,internal_pool,https://en.wikipedia.org
https://xh.wikipedia.org/wiki/Iphepha_Elingundoqo,internal_pool,https://en.wikipedia.org
https://xmf.wikipedia.org/wiki/%E1%83%93%E1%83%A3%E1%83%93%E1%83%AE%E1%83%90%E1%83%A1%E1%83%B7%E1%83%9A%E1%83%90,internal_pool,https://en.wikipedia.org
https://yi.wikipedia.org/wiki/%D7%94%D7%95%D7%99%D7%A4%D7%98_%D7%96%D7%99%D7%99%D7%98,internal_pool,https://en.wikipedia.org
https://yo.wikipedia.org/wiki/Oj%C3%BAew%C3%A9_%C3%80k%E1%BB%8D%CC%81k%E1%BB%8D%CC%81,internal_pool,https://en.wikipedia.org
https://za.wikipedia.org/wiki/Yiebdaeuz,internal_pool,https://en.wikipedia.org
https://zea.wikipedia.org/wiki/V%C3%B2blad,internal_pool,https://en.wikipedia.org
https://zgh.wikipedia.org/wiki/%E2%B5%9C%E2%B4%B0%E2%B5%99%E2%B5%8F%E2%B4%B0_%E2%B5%8F_%E2%B5%93%E2%B5%99%E2%B5%8F%E2%B5%93%E2%B4%B1%E2%B4%B3,internal_pool,https://en.wikipedia.org
https://zh-classical.wikipedia.org/wiki/%E7%B6%AD%E5%9F%BA%E5%A4%A7%E5%85%B8:%E5%8D%B7%E9%A6%96,internal_pool,https://en.wikipedia.org
https://zh-min-nan.wikipedia.org/wiki,internal_pool,https://en.wikipedia.org
https://zh-min-nan.wikipedia.org/wiki/Th%C3%A2u-ia%CC%8Dh,internal_pool,https://en.wikipedia.org
https://zh-yue.wikipedia.org/wiki/%E9%A0%AD%E7%89%88,internal_pool,https://en.wikipedia.org
https://zh.wikipedia.org/wiki,internal_pool,https://en.wikipedia.org
https://zh.wikipedia.org/wiki/Wikipedia:%E9%A6%96%E9%A1%B5,internal_pool,https://en.wikipedia.org
https://zu.wikipedia.org/wiki/Ikhasi_Elikhulu,internal_pool,https://en.wikipedia.org
https://yahoo.com,homepage,https://yahoo.com
https://creators.yahoo.com,internal_pool,https://yahoo.com
https://finance.yahoo.com,internal_pool,https://yahoo.com
https://finance.yahoo.com/quote/%5EDJI,internal_pool,https://yahoo.com
https://finance.yahoo.com/quote/%5EGSPC,internal_pool,https://yahoo.com
https://finance.yahoo.com/quote/%5EIXIC,internal_pool,https://yahoo.com
https://finance.yahoo.com/quote/%5ERUT,internal_pool,https://yahoo.com
https://finance.yahoo.com/quote/CL%3DF,internal_pool,https://yahoo.com
https://finance.yahoo.com/quote/GC%3DF,internal_pool,https://yahoo.com
https://guce.yahoo.com/privacy-policy,internal_pool,https://yahoo.com
https://guce.yahoo.com/privacy-settings,internal_pool,https://yahoo.com
https://guce.yahoo.com/terms,internal_pool,https://yahoo.com
https://health.yahoo.com,internal_pool,https://yahoo.com
https://help.yahoo.com/kb/account,internal_pool,https://yahoo.com
https://legal.yahoo.com/us/en/yahoo/privacy/adinfo/index.html,internal_pool,https://yahoo.com
https://login.yahoo.com,internal_pool,https://yahoo.com
https://mail.yahoo.com,internal_pool,https://yahoo.com
https://search.yahoo.com,internal_pool,https://yahoo.com
https://search.yahoo.com/search,internal_pool,https://yahoo.com
https://shopping.yahoo.com,internal_pool,https://yahoo.com
https://sports.yahoo.com,internal_pool,https://yahoo.com
https://tech.yahoo.com,internal_pool,https://yahoo.com
https://weather.yahoo.com,internal_pool,https://yahoo.com
https://weather.yahoo.com/nl/nh/amsterdam,internal_pool,https://yahoo.com
https://www.yahoo.com/all,internal_pool,https://yahoo.com
https://www.yahoo.com/creators/lifestyle/story/a-doctor-explains-what-matcha-actually-does-to-your-body--and-why-its-not-just-hype-201332014.html,internal_pool,https://yahoo.com
https://www.yahoo.com/entertainment,internal_pool,https://yahoo.com
https://www.yahoo.com/entertainment/celebrity/articles/josh-duhamel-welcomes-baby-no-005655974.html,internal_pool,https://yahoo.com
https://www.yahoo.com/entertainment/celebrity/articles/mark-ruffalo-assumes-m-already-174040534.html,internal_pool,https://yahoo.com
https://www.yahoo.com/entertainment/celebrity/articles/royal-expert-says-king-charles-171237985.html,internal_pool,https://yahoo.com
https://www.yahoo.com/entertainment/celebrity/articles/sad-reason-pete-davidson-split-020000625.html,internal_pool,https://yahoo.com
https://www.yahoo.com/entertainment/movies/article/new-movies-to-watch-this-weekend-see-obsession-in-theaters-rent-project-hail-mary-stream-marty-life-is-short-on-netflix-130431910.html,internal_pool,https://yahoo.com
https://www.yahoo.com/entertainment/movies/articles/netflix-resurrected-r-rated-blockbuster-130000018.html,internal_pool,https://yahoo.com
https://www.yahoo.com/entertainment/tv/articles/saturday-night-live-ferrell-appears-034144253.html,internal_pool,https://yahoo.com
https://www.yahoo.com/entertainment/videos/teens-noticed-man-struggling-change-185801433.html,internal_pool,https://yahoo.com
https://www.yahoo.com/finance/markets/crypto/articles/just-milk-until-youre-dry-223500783.html,internal_pool,https://yahoo.com
https://www.yahoo.com/games,internal_pool,https://yahoo.com
https://www.yahoo.com/lifestyle,internal_pool,https://yahoo.com
https://www.yahoo.com/lifestyle/articles/5-things-happiest-couples-weekends-192143572.html,internal_pool,https://yahoo.com
https://www.yahoo.com/lifestyle/articles/man-spotted-lizard-lurking-backyard-200000447.html,internal_pool,https://yahoo.com
https://www.yahoo.com/lifestyle/horoscope,internal_pool,https://yahoo.com
https://www.yahoo.com/lifestyle/horoscope//taurus/daily-20260517,internal_pool,https://yahoo.com
https://www.yahoo.com/news,internal_pool,https://yahoo.com
https://www.yahoo.com/news/articles/39they39ve-killed-my-farm39-georgia-farmer-says-government-seized-225-acres-for-corporate-jet-airport-102000683.html,internal_pool,https://yahoo.com
https://www.yahoo.com/news/articles/ballroom-security-money-nixed-senate-015209060.html,internal_pool,https://yahoo.com
https://www.yahoo.com/news/articles/christian-school-kindergarten-teacher-arrested-200838264.html,internal_pool,https://yahoo.com
https://www.yahoo.com/news/articles/deadly-mushroom-poisonings-california-mark-223422895.html,internal_pool,https://yahoo.com
https://www.yahoo.com/news/articles/eurovision-song-contest-final-takes-040739077.html,internal_pool,https://yahoo.com
https://www.yahoo.com/news/articles/florida-state-park-no-swim-234423414.html,internal_pool,https://yahoo.com
https://www.yahoo.com/news/articles/former-top-russian-official-admits-220706186.html,internal_pool,https://yahoo.com
https://www.yahoo.com/news/articles/georgia-man-celebrating-graduation-uga-161405036.html,internal_pool,https://yahoo.com
https://www.yahoo.com/news/articles/man-says-won-millions-lottery-120647975.html,internal_pool,https://yahoo.com
https://www.yahoo.com/news/articles/more-half-inmates-noem-released-194002323.html,internal_pool,https://yahoo.com
https://www.yahoo.com/news/articles/oregon-man-166-arrests-gets-202133032.html,internal_pool,https://yahoo.com
https://www.yahoo.com/news/articles/perfect-statement-trump-defends-saying-014143597.html,internal_pool,https://yahoo.com
https://www.yahoo.com/news/articles/republican-cassidy-faces-trump-retribution-101005961.html,internal_pool,https://yahoo.com
https://www.yahoo.com/news/articles/sen-cassidy-battles-trump-backed-035832051.html,internal_pool,https://yahoo.com
https://www.yahoo.com/news/articles/swatch-stores-shutter-amid-long-204953769.html,internal_pool,https://yahoo.com
https://www.yahoo.com/news/articles/timmy-stranded-humpback-whale-found-172132196.html,internal_pool,https://yahoo.com
https://www.yahoo.com/news/articles/what-to-know-about-mackenzie-shirilla-the-ohio-teen-who-killed-her-boyfriend-and-his-friend-in-100-mph-crash-132114440.html,internal_pool,https://yahoo.com
https://www.yahoo.com/newsletters,internal_pool,https://yahoo.com
https://www.yahoo.com/newsletters/the-yodel,internal_pool,https://yahoo.com
https://www.yahoo.com/shopping/deals/breaking-news/article/amazon-has-huge-memorial-day-sales-that-start-early-this-weekend--heres-what-to-buy-from-brands-like-apple-ninja-adidas-and-more-163827320.html,internal_pool,https://yahoo.com
https://www.yahoo.com/shopping/deals/breaking-news/article/early-memorial-day-shoe-deals-are-knocking-our-socks-off--save-up-to-50-on-clarks-hoka-skechers-and-more-143630008.html,internal_pool,https://yahoo.com
https://www.yahoo.com/shopping/deals/breaking-news/article/memorial-day-sales-have-started-early--we-found-the-deals-worth-shopping-from-apple-kate-spade-adidas-shark-and-more-165432763.html,internal_pool,https://yahoo.com
https://www.yahoo.com/shopping/deals/breaking-news/article/upgrade-your-summer-wardrobe-with-these-memorial-day-fashion-deals-up-to-75-off-143819044.html,internal_pool,https://yahoo.com
https://www.yahoo.com/sports/articles/us-team-39devastated39-by-lack-of-home-support-says-world-cup-doc-maker-015214876.html,internal_pool,https://yahoo.com
https://www.yahoo.com/sports/mma/live/ronda-rousey-tears-through-gina-carano-with-17-second-armbar-to-win-historic-netflix-comeback-060000374.html,internal_pool,https://yahoo.com
https://www.yahoo.com/tech/deals/breaking-news/article/memorial-day-sales-on-tech-are-already-live-at-amazon-apple-best-buy-and-more-181434324.html,internal_pool,https://yahoo.com
https://www.yahoo.com/travel/guides/articles/u-state-fairs-worth-traveling-194319738.html,internal_pool,https://yahoo.com
https://www.yahoo.com/trending,internal_pool,https://yahoo.com
https://www.yahoo.com/finance/markets/stocks/articles/bill-gates-just-did-unthinkable-132955202.html,internal_pool,https://yahoo.com
https://www.yahoo.com/lifestyle/articles/29-old-son-had-stomach-112501895.html,internal_pool,https://yahoo.com
https://www.yahoo.com/news/articles/nicki-minaj-went-maga-221117066.html,internal_pool,https://yahoo.com
https://yandex.ru/search/?text=cats,homepage,https://yandex.ru/search/?text=cats
https://alice.yandex.ru,internal_pool,https://yandex.ru/search/?text=cats
https://company.yandex.ru,internal_pool,https://yandex.ru/search/?text=cats
https://market.yandex.ru/my/cart,internal_pool,https://yandex.ru/search/?text=cats
https://passport.yandex.ru/auth,internal_pool,https://yandex.ru/search/?text=cats
https://translate.yandex.ru,internal_pool,https://yandex.ru/search/?text=cats
https://yabs.yandex.ru/count/WiOejI_zOoVX2LcL0iKL02DecKogSc02vWIg-0IutZ01lIaMqjY5W7S20lg91vJAdIRuROl0y-REdYsTsioTEz_rjVFrErvlkCELIgDE-xPB256Vpjj-ub0xAdKwSLpgbDgs59y-dqwxfYej2GrHQzHAGqjrLQWsEggJaAXAIRKH4DAIKaqjiY9Hwnb9LAIWEac96aH2AMYfQeHqH4B9MZHYo9eaGyQI7J1byuB9Bysc0PI-H7G0dHX9CEWutatmG5L0asK1uHyWXmLeVu0O5g3z0K8kGFi3fB00xGyGmWAq7qnY2z1-CCbKWFQ3IRq0xGTVpWLeF_WoMO3sWozV2j1-y4Mo0EqF47BEruGUJXUPd1LrELrQd9WbnKDzCSBr-2HHt3Z0Dv_sL12zSKDeYGS260_Cu61Rs06H4GAMy_c6oSRhm_1iTXy8k04Sm0OkFlSaPCaLAbeDUtF95IfQ3Lil09UUgYbxBnrTkHgn0rbTrsjqJxDjms7uG5eD2G5y_G0X1x1rGDTw1P22TUVjOUNDih2ri8CEgr1E8CeE2jiyHyCOSdF7WfcqM3r6x6Dq3sEUqUuOdhbOFaf4ORe2vBMWeNUs6ffwFWoloVLXUCtT_yODFCO_x2Ddzi4nUed_InV9VYzT9FkvT97itpaqOVArC5nrFml3LSSqCxSMcMNcrY9plEkwhjDcsf297Lu77bFkwBq3Zobtz9OvzcKlbZHizEGFreG8s8zf3qwW3nAFxB-qhZCr1L7xikXtg7waJSVgO6JqsZ-PvdZdzLdlTTz3HvbRzqeFl_0H7JF8tSgLIgKoX0aZuDWnEeQb3-NVyd9hiA7JPnGO_E_gvhPWXssyIISRKexspwBwWsfDsakKO3VlA3CJG5scTKQ5FghH_UQSUDhJlUgLUkWYNXQlE0OUNXxUWlIbs2CuqxjJ5HTbtCrA8iUp0W00~2,internal_pool,https://yandex.ru/search/?text=cats
https://yandex.ru/all,internal_pool,https://yandex.ru/search/?text=cats
https://yandex.ru/finance,internal_pool,https://yandex.ru/search/?text=cats
https://yandex.ru/images/search,internal_pool,https://yandex.ru/search/?text=cats
https://yandex.ru/jobs,internal_pool,https://yandex.ru/search/?text=cats
https://yandex.ru/legal/confidential,internal_pool,https://yandex.ru/search/?text=cats
https://yandex.ru/legal/recommendations,internal_pool,https://yandex.ru/search/?text=cats
https://yandex.ru/legal/termsofuse,internal_pool,https://yandex.ru/search/?text=cats
https://yandex.ru/maps,internal_pool,https://yandex.ru/search/?text=cats
https://yandex.ru/pogoda,internal_pool,https://yandex.ru/search/?text=cats
https://yandex.ru/products/my/orders,internal_pool,https://yandex.ru/search/?text=cats
https://yandex.ru/realty,internal_pool,https://yandex.ru/search/?text=cats
https://yandex.ru/search,internal_pool,https://yandex.ru/search/?text=cats
https://yandex.ru/search/direct,internal_pool,https://yandex.ru/search/?text=cats
https://yandex.ru/support/search/ru/alice,internal_pool,https://yandex.ru/search/?text=cats
https://yandex.ru/support/search/troubleshooting/accessibility.html,internal_pool,https://yandex.ru/search/?text=cats
https://yandex.ru/video/search,internal_pool,https://yandex.ru/search/?text=cats
https://yandex.ru/alice,internal_pool,https://yandex.ru/search/?text=cats
https://yandex.ru/video/preview/10765095575155216068,internal_pool,https://yandex.ru/search/?text=cats
https://yandex.ru/video/preview/10904545631458454683,internal_pool,https://yandex.ru/search/?text=cats
https://yandex.ru/video/preview/11416011627856496971,internal_pool,https://yandex.ru/search/?text=cats
https://yandex.ru/video/preview/14732129777646529580,internal_pool,https://yandex.ru/search/?text=cats
https://yandex.ru/video/preview/15900305425721942253,internal_pool,https://yandex.ru/search/?text=cats
https://yandex.ru/video/preview/2688926189621368125,internal_pool,https://yandex.ru/search/?text=cats
https://yandex.ru/video/preview/4917405659275115441,internal_pool,https://yandex.ru/search/?text=cats
https://yandex.ru/video/preview/6944921596372143630,internal_pool,https://yandex.ru/search/?text=cats
https://yandex.ru/video/preview/7499668552985213882,internal_pool,https://yandex.ru/search/?text=cats
https://yandex.ru/video/preview/9026655997188598153,internal_pool,https://yandex.ru/search/?text=cats
https://amazon.com,homepage,https://amazon.com
https://advertising.amazon.com,internal_pool,https://amazon.com
https://affiliate-program.amazon.com,internal_pool,https://amazon.com
https://aws.amazon.com/what-is-cloud-computing,internal_pool,https://amazon.com
https://developer.amazon.com,internal_pool,https://amazon.com
https://kdp.amazon.com,internal_pool,https://amazon.com
https://music.amazon.com,internal_pool,https://amazon.com
https://sell.amazon.com,internal_pool,https://amazon.com
https://services.amazon.com/amazon-business.html,internal_pool,https://amazon.com
https://services.amazon.com/sell.html,internal_pool,https://amazon.com
https://videodirect.amazon.com/home/landing,internal_pool,https://amazon.com
https://www.amazon.com/2026-Panini-FIFA-World-Sticker/dp/B0GQJNCMT4,internal_pool,https://amazon.com
https://www.amazon.com/2026-Panini-World-Sticker-Collection/dp/B0G3Y89LW9,internal_pool,https://amazon.com
https://www.amazon.com/3DWhite-Brilliance-Remover-Dazzling-Toothpaste/dp/B0DPNJ1ZN9,internal_pool,https://amazon.com
https://www.amazon.com/ANRABESS-Ribbed-Fitted-Sleeveless-Clothes/dp/B0FTSS3PHW,internal_pool,https://amazon.com
https://www.amazon.com/ANRABESS-Womens-Sleeve-Blouses-Clothes/dp/B0DJJMW21W,internal_pool,https://amazon.com
https://www.amazon.com/AOC-Q27G41ZE-2560x1440-Compatible-Zero-Bright-Dot/dp/B0FF5HXGJK,internal_pool,https://amazon.com
https://www.amazon.com/ASUS-DisplayPort-2-5-Slot-Axial-tech-Technology/dp/B0F8PR9L3X,internal_pool,https://amazon.com
https://www.amazon.com/ASUS-Gaming-1440P-Monitor-VG27AQ3A/dp/B0BZR9TMBJ,internal_pool,https://amazon.com
https://www.amazon.com/Ailun-Protector-Generation-Compatible-Sensitive/dp/B0BJPXXM7D,internal_pool,https://amazon.com
https://www.amazon.com/AirTag-Compact-Extended-Battery-Case/dp/B0F4ZSGYT9,internal_pool,https://amazon.com
https://www.amazon.com/Amazon-Basics-Portable-Adjustable-Notebook/dp/B0BLRJ4R8F,internal_pool,https://amazon.com
https://www.amazon.com/Amazon-Essentials-Short-Sleeve-Crewneck-T-Shirt/dp/B07762TMMM,internal_pool,https://amazon.com
https://www.amazon.com/Amazon-Video/b,internal_pool,https://amazon.com
https://www.amazon.com/AmazonBasics-Extra-Thick-Exercise-Carrying/dp/B01LP0U5X0,internal_pool,https://amazon.com
https://www.amazon.com/AmazonBasics-Pound-Neoprene-Dumbbells-Weights/dp/B01LR5RG08,internal_pool,https://amazon.com
https://www.amazon.com/Anker-Charger-Compact-Foldable-MacBook/dp/B09C5RG6KV,internal_pool,https://amazon.com
https://www.amazon.com/Arcane-League-Legends-Limited-Steelbook/dp/B07GQ2XF1M,internal_pool,https://amazon.com
https://www.amazon.com/Arcane-Tinmen-Dragon-Shield-Sleeves/dp/B0B337ZY41,internal_pool,https://amazon.com
https://www.amazon.com/Archaeology-People-Bible-Historical-Characters/dp/0736990275,internal_pool,https://amazon.com
https://www.amazon.com/BIODANCE-Collagen-Peptide-Patches-Essentials/dp/B0GD6R7CFJ,internal_pool,https://amazon.com
https://www.amazon.com/Backpack-Women%EF%BC%8CCarry-Approved-15-6inch-Weekender/dp/B09MQWWP87,internal_pool,https://amazon.com
https://www.amazon.com/Beauty-Secrets-Bundled-Cushion-Medium/dp/B0DV2252GB,internal_pool,https://amazon.com
https://www.amazon.com/Ben-Hur-4K-Ultra-HD-Digital/dp/B0FY3RSSV9,internal_pool,https://amazon.com
https://www.amazon.com/Beyonc%C3%A9-All-Songs-Story-Behind/dp/1788405579,internal_pool,https://amazon.com
https://www.amazon.com/Black-Light-Replacement-Fluorescent-Machine/dp/B09WK5KB12,internal_pool,https://amazon.com
https://www.amazon.com/CODA-UHD-Blu-ray-Sian-Heder/dp/B0FTTJST4F,internal_pool,https://amazon.com
https://www.amazon.com/COOFANDY-Casual-Shirts-Button-Summer/dp/B0BV241H3F,internal_pool,https://amazon.com
https://www.amazon.com/Cable-Matters-USB-C-Supporting-Black/dp/B073H9RG9T,internal_pool,https://amazon.com
https://www.amazon.com/Callaway-Golf-Supersoft-Balls-White/dp/B0DHT5XZR1,internal_pool,https://amazon.com
https://www.amazon.com/Carhartt-Workwear-Short-Sleeve-T-Shirt-X-Large/dp/B002GHC19I,internal_pool,https://amazon.com
https://www.amazon.com/CeraVe-Facial-Moisturizing-Lotion-Lightweight/dp/B00365DABC,internal_pool,https://amazon.com
https://www.amazon.com/CeraVe-Invisible-Sunscreen-Sensitive-Niacinamide/dp/B0FXNHDWM7,internal_pool,https://amazon.com
https://www.amazon.com/Changing-World-Order-Nations-Succeed/dp/1982160276,internal_pool,https://amazon.com
https://www.amazon.com/Colgate-Fresh-Disposable-Toothbrush-Peppermint/dp/B071DPCBQG,internal_pool,https://amazon.com
https://www.amazon.com/Comfort-Colors-Adult-Sleeve-1717/dp/B07M989JLF,internal_pool,https://amazon.com
https://www.amazon.com/Crest-3DWhite-Brilliance-Remover-Toothpaste/dp/B0DPNJ1RBQ,internal_pool,https://amazon.com
https://www.amazon.com/Crest-3DWhitestrips-Professional-Treatments-Whitening/dp/B09M5PXJ86,internal_pool,https://amazon.com
https://www.amazon.com/Crest-Brilliance-Peppermint-Toothpaste-Anticavity/dp/B0CPKNH9PS,internal_pool,https://amazon.com
https://www.amazon.com/Crest-Brilliance-Toothpaste-Anticavity-Protection/dp/B0CMW1FXMC,internal_pool,https://amazon.com
https://www.amazon.com/Crest-Professional-Whitestrips-Whitening-Treatments/dp/B00AHAWWO0,internal_pool,https://amazon.com
https://www.amazon.com/Crest-White-Luminous-Whitening-Toothpaste/dp/B09F8FZ18G,internal_pool,https://amazon.com
https://www.amazon.com/Crook-Cook-Platinum-Recipes-Kitchen/dp/1452179611,internal_pool,https://amazon.com
https://www.amazon.com/DEWALT-DCK240C2-Lithium-Driver-Impact/dp/B00IJ0ALYS,internal_pool,https://amazon.com
https://www.amazon.com/DEWALT-DCK940D2-Lithium-9-Tool-Combo/dp/B018TM1Q80,internal_pool,https://amazon.com
https://www.amazon.com/DEWALT-Performance-Batteries-Contractor-DCD771C2/dp/B00ET5VMTU,internal_pool,https://amazon.com
https://www.amazon.com/DII-Southwest-Collection-Tabletop-Runner/dp/B08L9SMPXG,internal_pool,https://amazon.com
https://www.amazon.com/DJI-Enhanced-Variable-Aperture-Batteries/dp/B0FNMPZ1RS,internal_pool,https://amazon.com
https://www.amazon.com/DJI-Mini-Lightweight-Foldable-Intelligent/dp/B0BL3T49JF,internal_pool,https://amazon.com
https://www.amazon.com/DJI-Stabilization-Transmission-Resistance-Battery/dp/B0CXJDDJ9X,internal_pool,https://amazon.com
https://www.amazon.com/Dickies-Multi-Pack-Dri-Tech-Moisture-Control/dp/B004QF0TFQ,internal_pool,https://amazon.com
https://www.amazon.com/Docking-Station-WD22TB4-WD19TBS-Mounting/dp/B0FCFHS63N,internal_pool,https://amazon.com
https://www.amazon.com/Dont-Believe-Everything-You-Think/dp/B09WPP7R6S,internal_pool,https://amazon.com
https://www.amazon.com/Douglas-2001-Chase-Border-Collie/dp/B000EI3REY,internal_pool,https://amazon.com
https://www.amazon.com/Dove-Shampoo-Intensive-Bio-Protein-Technology/dp/B0DK5SQRM8,internal_pool,https://amazon.com
https://www.amazon.com/Dove-Vanilla-Exfoliates-Nourishes-Radiant/dp/B0DNTZMKPR,internal_pool,https://amazon.com
https://www.amazon.com/EXCEBET-Executive-Ergonomic-High-Back-Blue/dp/B0FNJ86YMD,internal_pool,https://amazon.com
https://www.amazon.com/Ekkovision-Lifting-Support-Comfortable-Enhanced/dp/B0DQPBR1RN,internal_pool,https://amazon.com
https://www.amazon.com/Epson-Wireless-Cartridge-Free-Supertank-AirPrint/dp/B0BHXNP6B1,internal_pool,https://amazon.com
https://www.amazon.com/Eyes-Wide-Shut-Criterion-Collection/dp/B0FN4RVN71,internal_pool,https://amazon.com
https://www.amazon.com/FANDAMEI-Weaving-Fishnet-Halloween-Cosplay/dp/B091GXB4V5,internal_pool,https://amazon.com
https://www.amazon.com/Fit-Fresh-Coolers-Freezer-Multi-Colored/dp/B08QDWMMW5,internal_pool,https://amazon.com
https://www.amazon.com/Fit-Simplify-Resistance-Exercise-Instruction/dp/B01AVDVHTI,internal_pool,https://amazon.com
https://www.amazon.com/Flashlight-LHKNL-Ultra-Light-Rechargeable-Waterproof/dp/B08D66HCXW,internal_pool,https://amazon.com
https://www.amazon.com/Fourth-Wing-Empyrean-Rebecca-Yarros/dp/1649377371,internal_pool,https://amazon.com
https://www.amazon.com/Franklin-Sports-Outdoor-Performance-Pickleballs/dp/B074P8MZW9,internal_pool,https://amazon.com
https://www.amazon.com/GIURKUU-Graduation-Anti-fall-Accessories-Graduates/dp/B0DK9315M1,internal_pool,https://amazon.com
https://www.amazon.com/Gaiam-Essentials-Yoga-Block-Set/dp/B075W63K67,internal_pool,https://amazon.com
https://www.amazon.com/Gildan-G2000-Cotton-T-Shirt-2-Pack/dp/B075ZZ7XKD,internal_pool,https://amazon.com
https://www.amazon.com/Gildan-T-Shirt-Multipack-Black-X-Large/dp/B07JCS8NRC,internal_pool,https://amazon.com
https://www.amazon.com/Google-Fitbit-Air-Screenless-Personalized/dp/B0GTMTZF3V,internal_pool,https://amazon.com
https://www.amazon.com/Google-Nest-Doorbell-Wired-3rd/dp/B0FN7GC1TJ,internal_pool,https://amazon.com
https://www.amazon.com/Google-Streamer-Streaming-Entertainment-Porcelain/dp/B0D8WJYSF9,internal_pool,https://amazon.com
https://www.amazon.com/Grad-Cap-Remix-ORIGINAL-Graduation/dp/B0D5QJVRB2,internal_pool,https://amazon.com
https://www.amazon.com/Gravity-Falls-Journal-Alex-Hirsch/dp/1484746694,internal_pool,https://amazon.com
https://www.amazon.com/Hanes-Available-Moisture-Wicking-Undershirts-Multipack/dp/B00D1ARZMC,internal_pool,https://amazon.com
https://www.amazon.com/Harvopu-Generation-Keyboard-Multi-Touch-Detachable/dp/B0CMWPDGZH,internal_pool,https://amazon.com
https://www.amazon.com/Head-Shoulders-Conditioner-Dandruff-Treatment/dp/B07N9HZ11H,internal_pool,https://amazon.com
https://www.amazon.com/Het-Systeem-Samenleving-Systemisch-Management/dp/B0GQZNP25H,internal_pool,https://amazon.com
https://www.amazon.com/Hot-Wheels-Ultimate-Playset-Die-Cast/dp/B0BN15NTGG,internal_pool,https://amazon.com
https://www.amazon.com/Hotop-Plastic-Headbands-Craft-Accessories/dp/B0CLGD2L5Z,internal_pool,https://amazon.com
https://www.amazon.com/How-Know-She-Really-Loves/dp/B09S64XXM1,internal_pool,https://amazon.com
https://www.amazon.com/HyperX-Cloud-III-Multi-Platform-Detachable/dp/B0F6NZWPTC,internal_pool,https://amazon.com
https://www.amazon.com/InoPro-Natural-Whitening-Strips-Treatments/dp/B0D3VHMR3Z,internal_pool,https://amazon.com
https://www.amazon.com/Intex-Elevated-Dura-Beam-Internal-Electric/dp/B0869HGSVL,internal_pool,https://amazon.com
https://www.amazon.com/J-Ver-Shirts-Stretch-Wrinkle-Free-Regular/dp/B09JFR8HTV,internal_pool,https://amazon.com
https://www.amazon.com/Just-Men-AutoStop-Comb-Color/dp/B00IGGYAH4,internal_pool,https://amazon.com
https://www.amazon.com/KuaiLu-Support-Comfortable-Walking-Sandals/dp/B0C5ZRQS2X,internal_pool,https://amazon.com
https://www.amazon.com/LEVOIT-Replacement-High-Efficiency-Core-Mini-RF/dp/B09FK5PN4H,internal_pool,https://amazon.com
https://www.amazon.com/Lenovo-Idea-Tab-Touchscreen-Integrated/dp/B0FGYGBY3C,internal_pool,https://amazon.com
https://www.amazon.com/Lifewit-Compartments-Organizer-organizer-Non-Woven/dp/B0D1Q65BP1,internal_pool,https://amazon.com
https://www.amazon.com/Little-Tikes-Princess-Cozy-Coupe/dp/B01LY43OPA,internal_pool,https://amazon.com
https://www.amazon.com/MANUEKLEAR-Non-Slip-Weightlifting-Deadlifting-Neoprene/dp/B0F7WW1S89,internal_pool,https://amazon.com
https://www.amazon.com/MEKO-Sensitivity-Capacitive-Touchscreen-Pack-Black/dp/B0C5SJ23HT,internal_pool,https://amazon.com
https://www.amazon.com/MNN-Portable-15-6inch-Ultra-Slim-Speakers/dp/B0B9NNWXVP,internal_pool,https://amazon.com
https://www.amazon.com/MOBDIK-Paperfeel-Compatible-Generation-Installation/dp/B0BD9P8CFG,internal_pool,https://amazon.com
https://www.amazon.com/MOSISO-Compatible-MacBook-Keyboard-Protector/dp/B0B7H3V2V7,internal_pool,https://amazon.com
https://www.amazon.com/MOSISO-Polyester-Vertical-Repellent-Compatible/dp/B01N6M1Y9N,internal_pool,https://amazon.com
https://www.amazon.com/MSR90-Magnetic-Credit-Reader-Deftun/dp/B01DUB4GVO,internal_pool,https://amazon.com
https://www.amazon.com/Mandalorian-Season-2-4K-UHD/dp/B0CGM6LLRN,internal_pool,https://amazon.com
https://www.amazon.com/Metapen-2018-2024-Precise-Sensitivity-13-inch/dp/B09ZTXVNVD,internal_pool,https://amazon.com
https://www.amazon.com/MoKo-Generation-Stand-Translucent-Support/dp/B0B8STRJYJ,internal_pool,https://amazon.com
https://www.amazon.com/Monopoly-Officially-Licensed-Inspired-Empyrean/dp/B0G2TD7S6M,internal_pool,https://amazon.com
https://www.amazon.com/Nalgene-Water-Bottle-Lightweight-Shatterproof/dp/B0CVNCHMFM,internal_pool,https://amazon.com
https://www.amazon.com/Nelko-P21-Bluetooth-Templates-Organizing/dp/B0C3L93F2Q,internal_pool,https://amazon.com
https://www.amazon.com/Neutrogena-Anti-Oxidant-Sunscreen-Spectrum-Oil-Free/dp/B005IHVWTS,internal_pool,https://amazon.com
https://www.amazon.com/Neutrogena-Oil-Free-Sunscreen-Sweatproof-Waterproof/dp/B001P92FMG,internal_pool,https://amazon.com
https://www.amazon.com/Nizoral-Anti-Dandruff-Shampoo-Ketoconazole-Dandruff/dp/B00AINMFAC,internal_pool,https://amazon.com
https://www.amazon.com/Nizoral-Psoriasis-Shampoo-Conditioner-Scalp/dp/B08QN72JCY,internal_pool,https://amazon.com
https://www.amazon.com/OGX-ProGrowth-Protectant-Instantly-Protecting/dp/B0FSNPJV7H,internal_pool,https://amazon.com
https://www.amazon.com/Olay-Smoothing-Retinol-Moisturizing-Absorbing/dp/B0D7WSF4MT,internal_pool,https://amazon.com
https://www.amazon.com/Oral-B-Glide-Pro-Health-Dental-Original/dp/B001F51RAG,internal_pool,https://amazon.com
https://www.amazon.com/Organic-Honduras-Promotes-Thickness-Prevents/dp/B0DSHXCT4N,internal_pool,https://amazon.com
https://www.amazon.com/Our-Iceberg-Melting-Succeeding-Conditions/dp/0399563911,internal_pool,https://amazon.com
https://www.amazon.com/Overcoming-Fear-Death-Richard-Gehman/dp/159452727X,internal_pool,https://amazon.com
https://www.amazon.com/Owala-FreeSip-Insulated-Stainless-BPA-Free/dp/B0BZYCJK89,internal_pool,https://amazon.com
https://www.amazon.com/Owala-FreeSip-Insulated-Stainless-BPA-Free/dp/B0FJN3BTPV,internal_pool,https://amazon.com
https://www.amazon.com/Owala-FreeSip-Insulated-Stainless-Daybreak/dp/B0FFTL7QNC,internal_pool,https://amazon.com
https://www.amazon.com/PHILIPS-Frameless-Replacement-Warranty-241V8LB/dp/B0C8ZKV5R9,internal_pool,https://amazon.com
https://www.amazon.com/PYD-Life-Sublimation-Convection-Tumblers/dp/B0CPSNL8BN,internal_pool,https://amazon.com
https://www.amazon.com/Palmers-Moisture-Drenching-Hydration-Dermatologist/dp/B0FB9LRL1V,internal_pool,https://amazon.com
https://www.amazon.com/Pedals-Simulator-Wheelbase-Unbeatable-Durable-11-Inch/dp/B0DL51ZY3T,internal_pool,https://amazon.com
https://www.amazon.com/Praktische-gids-huwelijksceremonie-dierbare-leiden/dp/9082715201,internal_pool,https://amazon.com
https://www.amazon.com/Praying-Husband-Chayil-Prayer-Journal/dp/B0C5P587ZK,internal_pool,https://amazon.com
https://www.amazon.com/Precision-Sensitivity-Suitable-Android-Compatible/dp/B0CLXJ2TY6,internal_pool,https://amazon.com
https://www.amazon.com/ROG-B550-F-II-Motherboard-Addressable/dp/B09GP7P1XS,internal_pool,https://amazon.com
https://www.amazon.com/Rainleaf-Microfiber-Perfect-Travel-Camping/dp/B01K1TX77W,internal_pool,https://amazon.com
https://www.amazon.com/Reaction-Tackle-Blue-Camo-150yd/dp/B01N1HEY0M,internal_pool,https://amazon.com
https://www.amazon.com/Rejection-Compatible-2018-2021-Precise-Writing/dp/B0831BF1FH,internal_pool,https://amazon.com
https://www.amazon.com/Remington-MB6850-Stubble-Adjustable-Settings/dp/B07MC8WNXJ,internal_pool,https://amazon.com
https://www.amazon.com/Roadbox-Protection-Outdoor-Rashguard-Campanula/dp/B08BFKM7VT,internal_pool,https://amazon.com
https://www.amazon.com/Royale-High-Light-Fairy-Fashion/dp/B0CNHXWQT1,internal_pool,https://amazon.com
https://www.amazon.com/Rustler-Classic-Relaxed-Stonewash-36x32/dp/B07LGVSPKF,internal_pool,https://amazon.com
https://www.amazon.com/SATC-Sandpaper-Adhesive-Automotive-Woodworking/dp/B09ZPGDWZV,internal_pool,https://amazon.com
https://www.amazon.com/SPARIN-Compatible-iPad-10th-2022/dp/B0BKL7KD6Y,internal_pool,https://amazon.com
https://www.amazon.com/Sampeel-Palazzo-Vacation-Clothes-Clothing/dp/B0FP5BYXVR,internal_pool,https://amazon.com
https://www.amazon.com/Samsung-Optimized-Performance-Expandable-Speakers/dp/B0FVXMHHRP,internal_pool,https://amazon.com
https://www.amazon.com/Samsung-Response-Compatible-FreeSyncTM-LS27FG500SNXZA/dp/B0FNQDNGXY,internal_pool,https://amazon.com
https://www.amazon.com/Shred-Happens-Protein-Packed-Mediterranean-Favorites/dp/0593796535,internal_pool,https://amazon.com
https://www.amazon.com/Speedo-Unisex-Child-Swim-Goggles-Sunny/dp/B0DM5KJ7FJ,internal_pool,https://amazon.com
https://www.amazon.com/Spiritual-Disciplines-Handbook-Practices-Transform/dp/0830846050,internal_pool,https://amazon.com
https://www.amazon.com/Stanley-Classic-Vacuum-Bottle-Hammertone/dp/B000FZX93K,internal_pool,https://amazon.com
https://www.amazon.com/Stanley-Legendary-Classic-Bottle-Black/dp/B0DDPVT25T,internal_pool,https://amazon.com
https://www.amazon.com/Stanley-Resistant-Insulated-Stainless-BPA-Free/dp/B0DR9ML5X9,internal_pool,https://amazon.com
https://www.amazon.com/Steak-House-People-Places-Recipes/dp/1984862294,internal_pool,https://amazon.com
https://www.amazon.com/Still-Lost-Tales-Sam-Miller/dp/B0GNSRBQM6,internal_pool,https://amazon.com
https://www.amazon.com/Stylus-Compatible-Samsung-Chromebook-Screens/dp/B08Q7L85X2,internal_pool,https://amazon.com
https://www.amazon.com/THAYERS-Mushroom-Hyaluronic-Natural-Sensitive/dp/B0BQCRH6D8,internal_pool,https://amazon.com
https://www.amazon.com/TP-Link-Deco-BE25-AI-Roaming-3-Pack/dp/B0DKVDZXSN,internal_pool,https://amazon.com
https://www.amazon.com/TUBBZ-Collectible-Vinyl-Rubber-Figure/dp/B0CM9YV2HV,internal_pool,https://amazon.com
https://www.amazon.com/Tangle-Free-Jumping-Bearings-Adjustable-Handles/dp/B09DF9NWC7,internal_pool,https://amazon.com
https://www.amazon.com/Tapo-Self-Emptying-Max-RV30-Plus/dp/B0DGRJKDKC,internal_pool,https://amazon.com
https://www.amazon.com/Taylor-Swift-All-Songs-Behind/dp/0762489294,internal_pool,https://amazon.com
https://www.amazon.com/Tell-More-Conversation-Questions-Connection/dp/B0BNK3FJTX,internal_pool,https://amazon.com
https://www.amazon.com/Thief-Criterion-Collection-4K-UHD/dp/B0DQF143DT,internal_pool,https://amazon.com
https://www.amazon.com/Torbot-IM074407W314832-Adhesive-Latex-Free-Hypo-allergenic/dp/B07K25BK8V,internal_pool,https://amazon.com
https://www.amazon.com/Tree-Hut-Sugar-Exfoliating-Pineapple/dp/B09VD77JVB,internal_pool,https://amazon.com
https://www.amazon.com/Trendy-Queen-Crewneck-Fashion-Clothes/dp/B0CYC5GDYP,internal_pool,https://amazon.com
https://www.amazon.com/Trendy-Queen-Womens-Fashion-Clothing/dp/B0G13Z2LD7,internal_pool,https://amazon.com
https://www.amazon.com/Untitled-Empyrean-Not-Book-Four/dp/168281808X,internal_pool,https://amazon.com
https://www.amazon.com/Vanicream-Gentle-Cleanser-sensitive-Dispenser/dp/B00QY1XZ4W,internal_pool,https://amazon.com
https://www.amazon.com/Vaseline-Glisten-Vanilla-Shimmering-Ultra-Hydrating/dp/B0FD8VWSNJ,internal_pool,https://amazon.com
https://www.amazon.com/Vaseline-Glisten-Vanilla-Shimmering-Ultra-Hydrating/dp/B0FD8W456T,internal_pool,https://amazon.com
https://www.amazon.com/Vaseline-Over-Jelly-Stick-Travel/dp/B084PJZ1TM,internal_pool,https://amazon.com
https://www.amazon.com/Wall-Control-Pegboard-Galvanized-Metal/dp/B00ALX1FNW,internal_pool,https://amazon.com
https://www.amazon.com/WheelBase-11-inch-Steering-Simulator-Gaming-Console/dp/B0BFD5PK8M,internal_pool,https://amazon.com
https://www.amazon.com/Wilson-Sporting-Goods-Championship-Tennis/dp/B001FZCVTM,internal_pool,https://amazon.com
https://www.amazon.com/Wireless-Microphone-Transmission-Ultralight-Cancelling-Streaming/dp/B0FQJH54TR,internal_pool,https://amazon.com
https://www.amazon.com/Womens-Floral-Sleeve-Kimono-Cardigan/dp/B07SN9RS13,internal_pool,https://amazon.com
https://www.amazon.com/Wrangler-Authentics-Classic-Stretch-Gunmetal/dp/B0BT51D747,internal_pool,https://amazon.com
https://www.amazon.com/YEOREO-Workout-Leggings-Straight-Buttery/dp/B0FG298Z4H,internal_pool,https://amazon.com
https://www.amazon.com/Z-Marriage-Kingsley-Mildred-Okonkwo/dp/B0BXMWWB1N,internal_pool,https://amazon.com
https://www.amazon.com/ZELUS-Weighted-Reflective-Strength-Weightlifting/dp/B07518RBH2,internal_pool,https://amazon.com
https://www.amazon.com/Zeerun-Reflective-Adjustable-Comfortable-10LBS-Black/dp/B0FG7WXNP3,internal_pool,https://amazon.com
https://www.amazon.com/ap/register,internal_pool,https://amazon.com
https://www.amazon.com/ap/signin,internal_pool,https://amazon.com
https://www.amazon.com/b,internal_pool,https://amazon.com
https://www.amazon.com/business,internal_pool,https://amazon.com
https://www.amazon.com/customer-preferences/country,internal_pool,https://amazon.com
https://www.amazon.com/customer-preferences/edit,internal_pool,https://amazon.com
https://www.amazon.com/dp/B07984JN3L,internal_pool,https://amazon.com
https://www.amazon.com/dp/B0CHTVMXZJ,internal_pool,https://amazon.com
https://www.amazon.com/eos-Cashmere-Collection-Vanilla-Area-Approved/dp/B0CPYQZR23,internal_pool,https://amazon.com
https://www.amazon.com/eos-Cashmere-Moisture-Lightweight-Non-Greasy/dp/B08KT2Z93D,internal_pool,https://amazon.com
https://www.amazon.com/eos-Moisturizing-Nourishing-Phthalate-Sensitive/dp/B0DPHQRLJC,internal_pool,https://amazon.com
https://www.amazon.com/eos-Whipped-Oil-Body-Butter/dp/B0CRQYQBZ4,internal_pool,https://amazon.com
https://www.amazon.com/gift-cards/b,internal_pool,https://amazon.com
https://www.amazon.com/gp/browse.html,internal_pool,https://amazon.com
https://www.amazon.com/gp/cart/view.html,internal_pool,https://amazon.com
https://www.amazon.com/gp/css/homepage.html,internal_pool,https://amazon.com
https://www.amazon.com/gp/css/order-history,internal_pool,https://amazon.com
https://www.amazon.com/gp/css/returns/homepage.html,internal_pool,https://amazon.com
https://www.amazon.com/gp/digital/fiona/manage,internal_pool,https://amazon.com
https://www.amazon.com/gp/goldbox,internal_pool,https://amazon.com
https://www.amazon.com/gp/help/customer/accessibility,internal_pool,https://amazon.com
https://www.amazon.com/gp/help/customer/display.html,internal_pool,https://amazon.com
https://www.amazon.com/gp/history,internal_pool,https://amazon.com
https://www.amazon.com/gp/kindle/ku/ku_central,internal_pool,https://amazon.com
https://www.amazon.com/gp/seller-account/mm-summary-page.html,internal_pool,https://amazon.com
https://www.amazon.com/gp/subscribe-and-save/manager/viewsubscriptions,internal_pool,https://amazon.com
https://www.amazon.com/gp/video/library,internal_pool,https://amazon.com
https://www.amazon.com/gp/video/watchlist,internal_pool,https://amazon.com
https://www.amazon.com/gp/yourstore,internal_pool,https://amazon.com
https://www.amazon.com/hz/mycd/myx,internal_pool,https://amazon.com
https://www.amazon.com/hz/wishlist/ls,internal_pool,https://amazon.com
https://www.amazon.com/hz5/yourmembershipsandsubscriptions,internal_pool,https://amazon.com
https://www.amazon.com/ir,internal_pool,https://amazon.com
https://www.amazon.com/privacyprefs,internal_pool,https://amazon.com
https://www.amazon.com/ref=nav_logo,internal_pool,https://amazon.com
https://www.amazon.com/registries,internal_pool,https://amazon.com
https://www.amazon.com/s,internal_pool,https://amazon.com
https://www.amazon.com/slc/hub,internal_pool,https://amazon.com
https://www.amazon.com/Dreo-Bedroom-Oscillating-Circulator-Control/dp/B0BSHBTV4V,internal_pool,https://amazon.com
https://www.amazon.com/YINGZON-Resealable-Double-sided-Matte-Packaging/dp/B0DJZXSRBH,internal_pool,https://amazon.com
https://www.amazon.com/crocs-Unisex-Classic-Black-Women/dp/B0014C0LUC,internal_pool,https://amazon.com
https://tiktok.com,homepage,https://tiktok.com
https://www.tiktok.com/@,internal_pool,https://tiktok.com
https://www.tiktok.com/@smoook275,internal_pool,https://tiktok.com
https://www.tiktok.com/@valery_yu8,internal_pool,https://tiktok.com
https://www.tiktok.com/explore,internal_pool,https://tiktok.com
https://www.tiktok.com/following,internal_pool,https://tiktok.com
https://www.tiktok.com/legal/update-on-irish-gdpr-decision,internal_pool,https://tiktok.com
https://www.tiktok.com/live,internal_pool,https://tiktok.com
https://www.tiktok.com/music/%D0%BE%D1%80%D0%B8%D0%B3%D0%B8%D0%BD%D0%B0%D0%BB%D1%8C%D0%BD%D1%8B%D0%B9-%D0%B7%D0%B2%D1%83%D0%BA-7636747409955818248,internal_pool,https://tiktok.com
https://www.tiktok.com/music/%D0%BE%D1%80%D0%B8%D0%B3%D0%B8%D0%BD%D0%B0%D0%BB%D1%8C%D0%BD%D1%8B%D0%B9-%D0%B7%D0%B2%D1%83%D0%BA-7637874264007297809,internal_pool,https://tiktok.com
https://www.tiktok.com/tag/%D0%BF%D1%80%D0%B8%D0%BE%D1%80%D0%B0,internal_pool,https://tiktok.com
https://www.tiktok.com/tiktokstudio/upload,internal_pool,https://tiktok.com
https://www.tiktok.com/@lylys.kitchen,internal_pool,https://tiktok.com
https://www.tiktok.com/@quikmotivationn,internal_pool,https://tiktok.com
https://www.tiktok.com/music/SIN-SLOWED-7301780315835156481,internal_pool,https://tiktok.com
https://www.tiktok.com/music/original-sound-Lyly's-Kitchen-%D9%85%D8%B7%D8%A8%D8%AE-%D9%84%D9%8A%D9%84%D9%8A-7610878464053119765,internal_pool,https://tiktok.com
https://www.tiktok.com/tag/discipline,internal_pool,https://tiktok.com
https://www.tiktok.com/tag/fitness,internal_pool,https://tiktok.com
https://www.tiktok.com/tag/fitnessmotivation,internal_pool,https://tiktok.com
https://www.tiktok.com/tag/focusonyourself,internal_pool,https://tiktok.com
https://www.tiktok.com/tag/foryou,internal_pool,https://tiktok.com
https://www.tiktok.com/tag/fyp,internal_pool,https://tiktok.com
https://www.tiktok.com/tag/gymlife,internal_pool,https://tiktok.com
https://www.tiktok.com/tag/gymtok,internal_pool,https://tiktok.com
https://www.tiktok.com/tag/mentality,internal_pool,https://tiktok.com
https://www.tiktok.com/tag/mindset,internal_pool,https://tiktok.com
https://www.tiktok.com/tag/mindsetmotivation,internal_pool,https://tiktok.com
https://www.tiktok.com/tag/motivation,internal_pool,https://tiktok.com
https://www.tiktok.com/tag/nevergiveup,internal_pool,https://tiktok.com
https://www.tiktok.com/tag/prime,internal_pool,https://tiktok.com
https://www.tiktok.com/tag/success,internal_pool,https://tiktok.com
https://www.tiktok.com/tag/viral,internal_pool,https://tiktok.com
https://www.tiktok.com/tag/wewillwin,internal_pool,https://tiktok.com
https://yahoo.co.jp,homepage,https://yahoo.co.jp
https://card.yahoo.co.jp,internal_pool,https://yahoo.co.jp
https://ebookjapan.yahoo.co.jp,internal_pool,https://yahoo.co.jp
https://mail.yahoo.co.jp,internal_pool,https://yahoo.co.jp
https://privacy.yahoo.co.jp/notice/globalaccess.html,internal_pool,https://yahoo.co.jp
https://reddit.com,homepage,https://reddit.com
https://www.reddit.com/login,internal_pool,https://reddit.com
https://docomo.ne.jp,homepage,https://docomo.ne.jp
https://dzen.ru,homepage,https://dzen.ru
https://dzen.ru/a/afhtotsi4zPEMRKk,internal_pool,https://dzen.ru
https://dzen.ru/a/agSKIrmRBFQSTaBX,internal_pool,https://dzen.ru
https://dzen.ru/a/agY8NIerXmXgTL3L,internal_pool,https://dzen.ru
https://dzen.ru/a/agcPFxUdvlFXmniv,internal_pool,https://dzen.ru
https://dzen.ru/about,internal_pool,https://dzen.ru
https://dzen.ru/about/careers,internal_pool,https://dzen.ru
https://dzen.ru/articles,internal_pool,https://dzen.ru
https://dzen.ru/explore,internal_pool,https://dzen.ru
https://dzen.ru/games,internal_pool,https://dzen.ru
https://dzen.ru/m_shady,internal_pool,https://dzen.ru
https://dzen.ru/modniizavet,internal_pool,https://dzen.ru
https://dzen.ru/news,internal_pool,https://dzen.ru
https://dzen.ru/news/rubric/chronologic,internal_pool,https://dzen.ru
https://dzen.ru/news/rubric/quotes/0,internal_pool,https://dzen.ru
https://dzen.ru/news/rubric/quotes/1,internal_pool,https://dzen.ru
https://dzen.ru/news/rubric/quotes/2,internal_pool,https://dzen.ru
https://dzen.ru/news/story/0bd89ca0-e4ee-5039-84e6-8cf38f950f4b,internal_pool,https://dzen.ru
https://dzen.ru/news/story/0dce7e5c-65e1-5e48-9ad1-7dd366e19538,internal_pool,https://dzen.ru
https://dzen.ru/news/story/625aea72-f622-5172-aaeb-dd2b659c1e76,internal_pool,https://dzen.ru
https://dzen.ru/news/story/7a01a7e5-b222-5544-8672-dc909825a79f,internal_pool,https://dzen.ru
https://dzen.ru/news/story/9cac5a5d-7c58-5b1f-a34b-11f246d84b46,internal_pool,https://dzen.ru
https://dzen.ru/news/story/af2a8a5b-bc94-59af-9b19-147d7fff9f27,internal_pool,https://dzen.ru
https://dzen.ru/news/story/bd36914a-5674-595f-b53a-42129af38f75,internal_pool,https://dzen.ru
https://dzen.ru/news/story/cfb046c4-0b44-521e-b33a-c1bf1bdccd2f,internal_pool,https://dzen.ru
https://dzen.ru/news/story/d02a71f4-0762-5572-ae86-df2f88589795,internal_pool,https://dzen.ru
https://dzen.ru/news/story/e2f4d4a7-559e-5162-be92-63aea9b8fe88,internal_pool,https://dzen.ru
https://dzen.ru/news/story/e9192c09-3734-5aa7-aeb1-d93f8e91f3a5,internal_pool,https://dzen.ru
https://dzen.ru/news/story/f2c9cccc-ed39-5e8c-964c-c2dce2fafa56,internal_pool,https://dzen.ru
https://dzen.ru/news/story/f47c6f01-9d59-56ff-81b6-6c4c0aee8fb8,internal_pool,https://dzen.ru
https://dzen.ru/newslipetsk.ru,internal_pool,https://dzen.ru
https://dzen.ru/pogoda/213,internal_pool,https://dzen.ru
https://dzen.ru/shorts,internal_pool,https://dzen.ru
https://dzen.ru/subscriptions-manager,internal_pool,https://dzen.ru
https://dzen.ru/topic/19711,internal_pool,https://dzen.ru
https://dzen.ru/topic/auto,internal_pool,https://dzen.ru
https://dzen.ru/topic/culture,internal_pool,https://dzen.ru
https://dzen.ru/topic/economy,internal_pool,https://dzen.ru
https://dzen.ru/topic/it,internal_pool,https://dzen.ru
https://dzen.ru/topic/multiki,internal_pool,https://dzen.ru
https://dzen.ru/topic/novye-lica-dzena,internal_pool,https://dzen.ru
https://dzen.ru/topic/obshchestvo,internal_pool,https://dzen.ru
https://dzen.ru/topic/politika,internal_pool,https://dzen.ru
https://dzen.ru/topic/proisshestviya,internal_pool,https://dzen.ru
https://dzen.ru/topic/science,internal_pool,https://dzen.ru
https://dzen.ru/topic/shou-biznes,internal_pool,https://dzen.ru
https://dzen.ru/topic/sobytiya-v-mire,internal_pool,https://dzen.ru
https://dzen.ru/topic/svo-tema,internal_pool,https://dzen.ru
https://dzen.ru/video,internal_pool,https://dzen.ru
https://dzen.ru/zatonevkredit,internal_pool,https://dzen.ru
https://dzen.ru/a/aebyq7YhIUDRFFdB,internal_pool,https://dzen.ru
https://dzen.ru/a/aei2qgocbHFoR5tO,internal_pool,https://dzen.ru
https://dzen.ru/a/afmcO1gRSTPZMFIs,internal_pool,https://dzen.ru
https://dzen.ru/a/agK0uy3j6W7Fb6K0,internal_pool,https://dzen.ru
https://dzen.ru/a/agRBuCCMUGqogYjd,internal_pool,https://dzen.ru
https://dzen.ru/a/agXyMRUdvlFXmOeh,internal_pool,https://dzen.ru
https://dzen.ru/a/agh4BxCabGjYuWhP,internal_pool,https://dzen.ru
https://dzen.ru/bepowerback,internal_pool,https://dzen.ru
https://dzen.ru/cenyavto.com,internal_pool,https://dzen.ru
https://dzen.ru/fromtheothershore,internal_pool,https://dzen.ru
https://dzen.ru/id/65e86d42412c431bd2876d6f,internal_pool,https://dzen.ru
https://dzen.ru/igorfaynman,internal_pool,https://dzen.ru
https://dzen.ru/konyakhinaa,internal_pool,https://dzen.ru
https://dzen.ru/news/story/070ba569-7f7c-528e-91ba-ac6a32f6e721,internal_pool,https://dzen.ru
https://dzen.ru/news/story/3b52536e-0d2c-53e2-b4f2-04f647f0a913,internal_pool,https://dzen.ru
https://dzen.ru/news/story/4f648674-5fe7-5dae-af19-ad3b80a4daf3,internal_pool,https://dzen.ru
https://dzen.ru/news/story/57448f0f-8612-5911-bef0-a4e47de28274,internal_pool,https://dzen.ru
https://dzen.ru/news/story/59bb7f69-07c5-5bf1-8d6c-17afbc060b7e,internal_pool,https://dzen.ru
https://dzen.ru/news/story/79e3c8de-ef4f-5b75-87e7-b42071c25df5,internal_pool,https://dzen.ru
https://dzen.ru/news/story/7d5cb111-760a-5c57-99f2-36cf931c7e1e,internal_pool,https://dzen.ru
https://dzen.ru/news/story/92a99e63-adfb-50f2-9556-ebe76b5fe796,internal_pool,https://dzen.ru
https://dzen.ru/news/story/a714d4cb-9209-5eba-9358-4b021a170854,internal_pool,https://dzen.ru
https://dzen.ru/news/story/c92ac158-9ebb-503d-be77-71fe7a8be2f0,internal_pool,https://dzen.ru
https://dzen.ru/news/story/dcab55bd-7f12-51f4-be32-e2d5132efc17,internal_pool,https://dzen.ru
https://dzen.ru/pochinka_blog,internal_pool,https://dzen.ru
https://dzen.ru/sportfakt24,internal_pool,https://dzen.ru
https://dzen.ru/topic/games,internal_pool,https://dzen.ru
https://dzen.ru/topic/kazanforum-2026,internal_pool,https://dzen.ru
https://dzen.ru/tricolor_sport,internal_pool,https://dzen.ru
https://dzen.ru/vertdider,internal_pool,https://dzen.ru
https://dzen.ru/video/watch/6943e4aa2b8b7409c5e860a8,internal_pool,https://dzen.ru
https://dzen.ru/video/watch/697927d0d536cd3f66a761f4,internal_pool,https://dzen.ru
https://dzen.ru/video/watch/6a05d84b208c506aa84050a2,internal_pool,https://dzen.ru
https://dzen.ru/video/watch/6a06dd18a62f460406ede1b1,internal_pool,https://dzen.ru
https://dzen.ru/video/watch/6a0708526d579f571577b42d,internal_pool,https://dzen.ru
https://dzen.ru/video/watch/6a08a8d2a62f4604069b7c6a,internal_pool,https://dzen.ru
https://dzen.ru/zr.ru,internal_pool,https://dzen.ru
https://bing.com/search?q=cats,homepage,https://bing.com/search?q=cats
https://www.bing.com,internal_pool,https://bing.com/search?q=cats
https://www.bing.com/ck/a,internal_pool,https://bing.com/search?q=cats
https://www.bing.com/copilotsearch,internal_pool,https://bing.com/search?q=cats
https://www.bing.com/images,internal_pool,https://bing.com/search?q=cats
https://www.bing.com/search,internal_pool,https://bing.com/search?q=cats
https://samsung.com,homepage,https://samsung.com
https://dataact.samsung.com,internal_pool,https://samsung.com
https://design.samsung.com/global/index.html,internal_pool,https://samsung.com
https://eu.community.samsung.com,internal_pool,https://samsung.com
https://images.samsung.com/is/content/samsung/assets/nl/footer/January-2026-Digital-Services-Act_nl.pdf,internal_pool,https://samsung.com
https://news.samsung.com/nl,internal_pool,https://samsung.com
https://shop.samsung.com/nl/cart,internal_pool,https://samsung.com
https://shop.samsung.com/nl/mypage/orders,internal_pool,https://samsung.com
https://shop.samsung.com/nl/mypage/vouchers,internal_pool,https://samsung.com
https://www.samsung.com/global/ir,internal_pool,https://samsung.com
https://www.samsung.com/nl,internal_pool,https://samsung.com
https://www.samsung.com/nl/about-us/brand-identity,internal_pool,https://samsung.com
https://www.samsung.com/nl/about-us/business-area,internal_pool,https://samsung.com
https://www.samsung.com/nl/about-us/company-info,internal_pool,https://samsung.com
https://www.samsung.com/nl/about-us/ethics,internal_pool,https://samsung.com
https://www.samsung.com/nl/aboutsamsung/career,internal_pool,https://samsung.com
https://www.samsung.com/nl/aboutsamsung/talents-of-the-future,internal_pool,https://samsung.com
https://www.samsung.com/nl/accessories,internal_pool,https://samsung.com
https://www.samsung.com/nl/ai-products,internal_pool,https://samsung.com
https://www.samsung.com/nl/aisearch,internal_pool,https://samsung.com
https://www.samsung.com/nl/apps,internal_pool,https://samsung.com
https://www.samsung.com/nl/apps/samsung-health,internal_pool,https://samsung.com
https://www.samsung.com/nl/audio-accessories/all-audio-accessories,internal_pool,https://samsung.com
https://www.samsung.com/nl/audio-devices/all-audio-devices,internal_pool,https://samsung.com
https://www.samsung.com/nl/audio-devices/help-me-choose,internal_pool,https://samsung.com
https://www.samsung.com/nl/audio-devices/soundbar/q990f-black-hw-q990f-xn,internal_pool,https://samsung.com
https://www.samsung.com/nl/audio-sound/all-audio-sound,internal_pool,https://samsung.com
https://www.samsung.com/nl/audio-sound/galaxy-buds4-pro/buy,internal_pool,https://samsung.com
https://www.samsung.com/nl/business,internal_pool,https://samsung.com
https://www.samsung.com/nl/buy-direct-get-more,internal_pool,https://samsung.com
https://www.samsung.com/nl/buying-guide/galaxy-book,internal_pool,https://samsung.com
https://www.samsung.com/nl/buying-guide/memory,internal_pool,https://samsung.com
https://www.samsung.com/nl/computer-accessories/all-computer-accessories,internal_pool,https://samsung.com
https://www.samsung.com/nl/computers/all-computers,internal_pool,https://samsung.com
https://www.samsung.com/nl/computers/galaxy-book-copilot-plus-pcs,internal_pool,https://samsung.com
https://www.samsung.com/nl/computers/galaxy-book/galaxy-book6-series/buy,internal_pool,https://samsung.com
https://www.samsung.com/nl/cooking-appliances/hobs,internal_pool,https://samsung.com
https://www.samsung.com/nl/cooking-appliances/hoods,internal_pool,https://samsung.com
https://www.samsung.com/nl/cooking-appliances/ovens,internal_pool,https://samsung.com
https://www.samsung.com/nl/cooking-appliances/ovens/nv7000b-4series-dual-cook-flex-simple-steam-4series-dual-cook-flex-simple-steam-nv7b4550uab-u1,internal_pool,https://samsung.com
https://www.samsung.com/nl/dishwashers/all-dishwashers,internal_pool,https://samsung.com
https://www.samsung.com/nl/explore,internal_pool,https://samsung.com
https://www.samsung.com/nl/function/ipredirection/ipredirectionLocalList,internal_pool,https://samsung.com
https://www.samsung.com/nl/galaxy-ai,internal_pool,https://samsung.com
https://www.samsung.com/nl/home-appliance-accessories/all-home-appliance-accessories,internal_pool,https://samsung.com
https://www.samsung.com/nl/home-appliances/ai-energy-saving,internal_pool,https://samsung.com
https://www.samsung.com/nl/home-appliances/bespoke-ai-smartthings,internal_pool,https://samsung.com
https://www.samsung.com/nl/home-appliances/bespoke-home,internal_pool,https://samsung.com
https://www.samsung.com/nl/home-appliances/buying-guide,internal_pool,https://samsung.com
https://www.samsung.com/nl/home-appliances/why-samsung-appliances,internal_pool,https://samsung.com
https://www.samsung.com/nl/info/legal,internal_pool,https://samsung.com
https://www.samsung.com/nl/info/privacy,internal_pool,https://samsung.com
https://www.samsung.com/nl/info/privacy/cookie-policy,internal_pool,https://samsung.com
https://www.samsung.com/nl/info/sitemap,internal_pool,https://samsung.com
https://www.samsung.com/nl/inruil,internal_pool,https://samsung.com
https://www.samsung.com/nl/jbl-harman-kardon/all-jbl-harman-kardon,internal_pool,https://samsung.com
https://www.samsung.com/nl/lifestyle-tvs/the-frame,internal_pool,https://samsung.com
https://www.samsung.com/nl/lifestyle-tvs/the-frame/highlights,internal_pool,https://samsung.com
https://www.samsung.com/nl/lifestyle-tvs/the-frame/ls03fw-65-inch-black-qe65ls03fwuxxn,internal_pool,https://samsung.com
https://www.samsung.com/nl/lifestyle-tvs/the-frame/ls03fw-75-inch-black-qe75ls03fwuxxn,internal_pool,https://samsung.com
https://www.samsung.com/nl/lifestyle-tvs/the-serif,internal_pool,https://samsung.com
https://www.samsung.com/nl/lifestyle-tvs/the-terrace,internal_pool,https://samsung.com
https://www.samsung.com/nl/members,internal_pool,https://samsung.com
https://www.samsung.com/nl/memory-storage/all-memory-storage,internal_pool,https://samsung.com
https://www.samsung.com/nl/micro-led/highlights,internal_pool,https://samsung.com
https://www.samsung.com/nl/microwave-ovens/all-microwave-ovens,internal_pool,https://samsung.com
https://www.samsung.com/nl/mobile,internal_pool,https://samsung.com
https://www.samsung.com/nl/mobile-accessories/all-mobile-accessories,internal_pool,https://samsung.com
https://www.samsung.com/nl/mobile/find-your-galaxy,internal_pool,https://samsung.com
https://www.samsung.com/nl/mobile/switch-to-galaxy,internal_pool,https://samsung.com
https://www.samsung.com/nl/monitors/all-monitors,internal_pool,https://samsung.com
https://www.samsung.com/nl/monitors/gaming/odyssey-g5-g50f-32-inch-180hz-qhd-ls32fg502euxen,internal_pool,https://samsung.com
https://www.samsung.com/nl/monitors/gaming/odyssey-oled-g8-g81sf-32-inch-240hz-oled-uhd-ls32fg812suxen,internal_pool,https://samsung.com
https://www.samsung.com/nl/monitors/help-me-choose,internal_pool,https://samsung.com
https://www.samsung.com/nl/monitors/monitor-buying-guide,internal_pool,https://samsung.com
https://www.samsung.com/nl/monitors/odyssey-gaming-monitor,internal_pool,https://samsung.com
https://www.samsung.com/nl/monitors/smart-monitor,internal_pool,https://samsung.com
https://www.samsung.com/nl/monitors/viewfinity-high-resolution-monitor,internal_pool,https://samsung.com
https://www.samsung.com/nl/movable-screens/the-movingstyle/lsm7f-27-inch-ue27lsm7faxxxe,internal_pool,https://samsung.com
https://www.samsung.com/nl/mypage,internal_pool,https://samsung.com
https://www.samsung.com/nl/mypage/myproducts,internal_pool,https://samsung.com
https://www.samsung.com/nl/mypage/myrepair/track-repair,internal_pool,https://samsung.com
https://www.samsung.com/nl/mypage/rewards,internal_pool,https://samsung.com
https://www.samsung.com/nl/offer,internal_pool,https://samsung.com
https://www.samsung.com/nl/offer/computing,internal_pool,https://samsung.com
https://www.samsung.com/nl/offer/football-moments,internal_pool,https://samsung.com
https://www.samsung.com/nl/offer/home-appliances,internal_pool,https://samsung.com
https://www.samsung.com/nl/offer/mobile,internal_pool,https://samsung.com
https://www.samsung.com/nl/offer/samsung-care-plus,internal_pool,https://samsung.com
https://www.samsung.com/nl/offer/tvs-and-soundbars,internal_pool,https://samsung.com
https://www.samsung.com/nl/one-ui,internal_pool,https://samsung.com
https://www.samsung.com/nl/projectors/all-projectors,internal_pool,https://samsung.com
https://www.samsung.com/nl/refrigerators/all-refrigerators,internal_pool,https://samsung.com
https://www.samsung.com/nl/refrigerators/bottom-mount-freezer/bottom-mount-freezer-with-smartthings-ai-energy-mo-387l-black-rb38c607ab1-ef,internal_pool,https://samsung.com
https://www.samsung.com/nl/refrigerators/side-by-side/refrigerator-sbs-rs90f-aod-634l-black-doi-rs80f66kbfef,internal_pool,https://samsung.com
https://www.samsung.com/nl/refrigerators/side-by-side/refrigerator-sbs-rs90f-basic-634l-silver-rs70f64kdtef,internal_pool,https://samsung.com
https://www.samsung.com/nl/rewards,internal_pool,https://samsung.com
https://www.samsung.com/nl/rings/all-rings,internal_pool,https://samsung.com
https://www.samsung.com/nl/servicecenter,internal_pool,https://samsung.com
https://www.samsung.com/nl/shop-faq,internal_pool,https://samsung.com
https://www.samsung.com/nl/shop-faq/payment-and-financing,internal_pool,https://samsung.com
https://www.samsung.com/nl/shop-faq/products-and-orders,internal_pool,https://samsung.com
https://www.samsung.com/nl/shop-faq/returns-and-cancellations,internal_pool,https://samsung.com
https://www.samsung.com/nl/smartphones/all-smartphones,internal_pool,https://samsung.com
https://www.samsung.com/nl/smartphones/galaxy-a/galaxy-a57-5g/buy,internal_pool,https://samsung.com
https://www.samsung.com/nl/smartphones/galaxy-s26-ultra,internal_pool,https://samsung.com
https://www.samsung.com/nl/smartphones/galaxy-s26-ultra/buy,internal_pool,https://samsung.com
https://www.samsung.com/nl/smartphones/galaxy-z-flip7/buy,internal_pool,https://samsung.com
https://www.samsung.com/nl/smartphones/galaxy-z-fold7/buy,internal_pool,https://samsung.com
https://www.samsung.com/nl/smartthings,internal_pool,https://samsung.com
https://www.samsung.com/nl/support,internal_pool,https://samsung.com
https://www.samsung.com/nl/support/contact,internal_pool,https://samsung.com
https://www.samsung.com/nl/support/contact/email-the-ceo,internal_pool,https://samsung.com
https://www.samsung.com/nl/support/galaxy-z-premier-service,internal_pool,https://samsung.com
https://www.samsung.com/nl/support/how-to-videos,internal_pool,https://samsung.com
https://www.samsung.com/nl/support/newsalert,internal_pool,https://samsung.com
https://www.samsung.com/nl/support/regulatory-information,internal_pool,https://samsung.com
https://www.samsung.com/nl/support/repair,internal_pool,https://samsung.com
https://www.samsung.com/nl/support/repair/booking,internal_pool,https://samsung.com
https://www.samsung.com/nl/support/user-manuals-and-guide,internal_pool,https://samsung.com
https://www.samsung.com/nl/support/warranty,internal_pool,https://samsung.com
https://www.samsung.com/nl/tablets/all-tablets,internal_pool,https://samsung.com
https://www.samsung.com/nl/tablets/galaxy-tab-s11/buy,internal_pool,https://samsung.com
https://www.samsung.com/nl/tv-accessories/all-tv-accessories,internal_pool,https://samsung.com
https://www.samsung.com/nl/tvs/32-inch-tv,internal_pool,https://samsung.com
https://www.samsung.com/nl/tvs/43-inch-tv,internal_pool,https://samsung.com
https://www.samsung.com/nl/tvs/50-inch-tv,internal_pool,https://samsung.com
https://www.samsung.com/nl/tvs/55-inch-tv,internal_pool,https://samsung.com
https://www.samsung.com/nl/tvs/60-inch-tv,internal_pool,https://samsung.com
https://www.samsung.com/nl/tvs/65-inch-tv,internal_pool,https://samsung.com
https://www.samsung.com/nl/tvs/75-inch-tv,internal_pool,https://samsung.com
https://www.samsung.com/nl/tvs/85-inch-tv,internal_pool,https://samsung.com
https://www.samsung.com/nl/tvs/98-inch-tv,internal_pool,https://samsung.com
https://www.samsung.com/nl/tvs/all-tvs,internal_pool,https://samsung.com
https://www.samsung.com/nl/tvs/crystal-uhd-tvs,internal_pool,https://samsung.com
https://www.samsung.com/nl/tvs/help-me-choose,internal_pool,https://samsung.com
https://www.samsung.com/nl/tvs/launch-offer,internal_pool,https://samsung.com
https://www.samsung.com/nl/tvs/micro-rgb-tv,internal_pool,https://samsung.com
https://www.samsung.com/nl/tvs/neo-qled-tvs,internal_pool,https://samsung.com
https://www.samsung.com/nl/tvs/oled-tv,internal_pool,https://samsung.com
https://www.samsung.com/nl/tvs/oled-tv/highlights,internal_pool,https://samsung.com
https://www.samsung.com/nl/tvs/oled-tv/s95f-65-inch-oled-4k-smart-tv-qe65s95fatxxn,internal_pool,https://samsung.com
https://www.samsung.com/nl/tvs/qled-tv,internal_pool,https://samsung.com
https://www.samsung.com/nl/tvs/qled-tv/highlights,internal_pool,https://samsung.com
https://www.samsung.com/nl/tvs/vision-ai-tv,internal_pool,https://samsung.com
https://www.samsung.com/nl/tvs/why-samsung-tv,internal_pool,https://samsung.com
https://www.samsung.com/nl/vacuum-cleaners/all-vacuum-cleaners,internal_pool,https://samsung.com
https://www.samsung.com/nl/vacuum-cleaners/help-me-choose,internal_pool,https://samsung.com
https://www.samsung.com/nl/vacuum-cleaners/robot,internal_pool,https://samsung.com
https://www.samsung.com/nl/vacuum-cleaners/stick,internal_pool,https://samsung.com
https://www.samsung.com/nl/vacuum-cleaners/stick/vc9700cl-stick-vc-with-most-powerful-jet-aiultra-400w-black-vs90f40dek-wa,internal_pool,https://samsung.com
https://www.samsung.com/nl/vacuum-cleaners/stick/vs9500al-stick-more-advance-cleaning-performance-hexajet-motor-jet-cyclone-blue-vs20c852ftb-wa,internal_pool,https://samsung.com
https://www.samsung.com/nl/washers-and-dryers/all-washers-and-dryers,internal_pool,https://samsung.com
https://www.samsung.com/nl/washers-and-dryers/dryers/dv90f24-dryer-a-energy-efficiency-ai-home-voice-enabled-9kg-metallic-silver-dv90f09f4su3,internal_pool,https://samsung.com
https://www.samsung.com/nl/washers-and-dryers/help-me-choose,internal_pool,https://samsung.com
https://www.samsung.com/nl/washers-and-dryers/washing-machines/wf90f24-front-load-washer-a-55-percent-energy-efficiency-ai-home-ai-wash-9kg-silver-wf90f09c4su3,internal_pool,https://samsung.com
https://www.samsung.com/nl/watches/all-watches,internal_pool,https://samsung.com
https://www.samsung.com/nl/watches/galaxy-watch8/buy,internal_pool,https://samsung.com
https://www.samsung.com/nl/why-samsung-account,internal_pool,https://samsung.com
https://bilibili.com,homepage,https://bilibili.com
https://account.bilibili.com/big,internal_pool,https://bilibili.com
https://app.bilibili.com,internal_pool,https://bilibili.com
https://cm.bilibili.com,internal_pool,https://bilibili.com
https://cm.bilibili.com/cm/api/fees/pc/sync/v2,internal_pool,https://bilibili.com
https://game.bilibili.com/platform,internal_pool,https://bilibili.com
https://live.bilibili.com,internal_pool,https://bilibili.com
https://live.bilibili.com/1962114200,internal_pool,https://bilibili.com
https://live.bilibili.com/21532087,internal_pool,https://bilibili.com
https://live.bilibili.com/blackboard/era/zgkxygzkxr2026PC.html,internal_pool,https://bilibili.com
https://love.bilibili.com,internal_pool,https://bilibili.com
https://manga.bilibili.com,internal_pool,https://bilibili.com
https://music.bilibili.com/pc/music-center,internal_pool,https://bilibili.com
https://show.bilibili.com/platform/home.html,internal_pool,https://bilibili.com
https://space.bilibili.com/1171192768,internal_pool,https://bilibili.com
https://space.bilibili.com/1398402611,internal_pool,https://bilibili.com
https://space.bilibili.com/1526560679,internal_pool,https://bilibili.com
https://space.bilibili.com/1604213182,internal_pool,https://bilibili.com
https://space.bilibili.com/203680252,internal_pool,https://bilibili.com
https://space.bilibili.com/250139262,internal_pool,https://bilibili.com
https://space.bilibili.com/3706953341601921,internal_pool,https://bilibili.com
https://space.bilibili.com/3706985484650535,internal_pool,https://bilibili.com
https://space.bilibili.com/382039089,internal_pool,https://bilibili.com
https://space.bilibili.com/440664748,internal_pool,https://bilibili.com
https://space.bilibili.com/50329118,internal_pool,https://bilibili.com
https://t.bilibili.com,internal_pool,https://bilibili.com
https://www.bilibili.com/anime,internal_pool,https://bilibili.com
https://www.bilibili.com/bangumi/play/ep3537929,internal_pool,https://bilibili.com
https://www.bilibili.com/bangumi/play/ss233575,internal_pool,https://bilibili.com
https://www.bilibili.com/blackboard/activity-5zJxM3spoS.html,internal_pool,https://bilibili.com
https://www.bilibili.com/blackboard/activity-xKR6yNjuJ6.html,internal_pool,https://bilibili.com
https://www.bilibili.com/blackboard/era/Vp41b8bsU9Wkog3X.html,internal_pool,https://bilibili.com
https://www.bilibili.com/blackboard/era/jpyPhRRrMn3fmZ2B.html,internal_pool,https://bilibili.com
https://www.bilibili.com/blackboard/era/mTG1LaFiRhV4Locv.html,internal_pool,https://bilibili.com
https://www.bilibili.com/blackboard/era/oQenqnsaMipHuoKX.html,internal_pool,https://bilibili.com
https://www.bilibili.com/blackboard/era/reward-activity-list-page.html,internal_pool,https://bilibili.com
https://www.bilibili.com/c/ai,internal_pool,https://bilibili.com
https://www.bilibili.com/c/animal,internal_pool,https://bilibili.com
https://www.bilibili.com/c/car,internal_pool,https://bilibili.com
https://www.bilibili.com/c/cinephile,internal_pool,https://bilibili.com
https://www.bilibili.com/c/dance,internal_pool,https://bilibili.com
https://www.bilibili.com/c/douga,internal_pool,https://bilibili.com
https://www.bilibili.com/c/emotion,internal_pool,https://bilibili.com
https://www.bilibili.com/c/ent,internal_pool,https://bilibili.com
https://www.bilibili.com/c/fashion,internal_pool,https://bilibili.com
https://www.bilibili.com/c/food,internal_pool,https://bilibili.com
https://www.bilibili.com/c/game,internal_pool,https://bilibili.com
https://www.bilibili.com/c/gym,internal_pool,https://bilibili.com
https://www.bilibili.com/c/handmake,internal_pool,https://bilibili.com
https://www.bilibili.com/c/health,internal_pool,https://bilibili.com
https://www.bilibili.com/c/home,internal_pool,https://bilibili.com
https://www.bilibili.com/c/information,internal_pool,https://bilibili.com
https://www.bilibili.com/c/kichiku,internal_pool,https://bilibili.com
https://www.bilibili.com/c/knowledge,internal_pool,https://bilibili.com
https://www.bilibili.com/c/life_experience,internal_pool,https://bilibili.com
https://www.bilibili.com/c/life_joy,internal_pool,https://bilibili.com
https://www.bilibili.com/c/music,internal_pool,https://bilibili.com
https://www.bilibili.com/c/outdoors,internal_pool,https://bilibili.com
https://www.bilibili.com/c/painting,internal_pool,https://bilibili.com
https://www.bilibili.com/c/parenting,internal_pool,https://bilibili.com
https://www.bilibili.com/c/rural,internal_pool,https://bilibili.com
https://www.bilibili.com/c/shortplay,internal_pool,https://bilibili.com
https://www.bilibili.com/c/sports,internal_pool,https://bilibili.com
https://www.bilibili.com/c/tech,internal_pool,https://bilibili.com
https://www.bilibili.com/c/travel,internal_pool,https://bilibili.com
https://www.bilibili.com/c/vlog,internal_pool,https://bilibili.com
https://www.bilibili.com/cheese,internal_pool,https://bilibili.com
https://www.bilibili.com/documentary,internal_pool,https://bilibili.com
https://www.bilibili.com/guochuang,internal_pool,https://bilibili.com
https://www.bilibili.com/match/home,internal_pool,https://bilibili.com
https://www.bilibili.com/movie,internal_pool,https://bilibili.com
https://www.bilibili.com/read/home,internal_pool,https://bilibili.com
https://www.bilibili.com/tv,internal_pool,https://bilibili.com
https://www.bilibili.com/v/customer-service,internal_pool,https://bilibili.com
https://www.bilibili.com/v/popular/all,internal_pool,https://bilibili.com
https://www.bilibili.com/variety,internal_pool,https://bilibili.com
https://www.bilibili.com/video/BV12T5Q68E9w,internal_pool,https://bilibili.com
https://www.bilibili.com/video/BV12s5q6QEMZ,internal_pool,https://bilibili.com
https://www.bilibili.com/video/BV17u5r6EEfM,internal_pool,https://bilibili.com
https://www.bilibili.com/video/BV19Z5r6yEe1,internal_pool,https://bilibili.com
https://www.bilibili.com/video/BV1BY596nETZ,internal_pool,https://bilibili.com
https://www.bilibili.com/video/BV1Ci586cE28,internal_pool,https://bilibili.com
https://www.bilibili.com/video/BV1E65q6rEYP,internal_pool,https://bilibili.com
https://www.bilibili.com/video/BV1Ji5q65EdA,internal_pool,https://bilibili.com
https://www.bilibili.com/video/BV1KP546xEUh,internal_pool,https://bilibili.com
https://www.bilibili.com/video/BV1R25A6BEdf,internal_pool,https://bilibili.com
https://www.bilibili.com/video/BV1Rg5E6EECX,internal_pool,https://bilibili.com
https://www.bilibili.com/video/BV1Yx5e6WEwf,internal_pool,https://bilibili.com
https://www.bilibili.com/video/BV1cT5e6qEMx,internal_pool,https://bilibili.com
https://www.bilibili.com/bangumi/play/ss236004,internal_pool,https://bilibili.com
https://www.bilibili.com/video/BV15r5W6YEz1,internal_pool,https://bilibili.com
https://www.bilibili.com/video/BV17R5a6dELx,internal_pool,https://bilibili.com
https://www.bilibili.com/video/BV19k5Y6XEH1,internal_pool,https://bilibili.com
https://www.bilibili.com/video/BV1DXLu6QEYM,internal_pool,https://bilibili.com
https://www.bilibili.com/video/BV1L8RTBEEpi,internal_pool,https://bilibili.com
https://www.bilibili.com/video/BV1QW5R6LE68,internal_pool,https://bilibili.com
https://www.bilibili.com/video/BV1Qf5z6KEXu,internal_pool,https://bilibili.com
https://www.bilibili.com/video/BV1Z65q66E1z,internal_pool,https://bilibili.com
https://www.bilibili.com/video/BV1jC5q6zEJW,internal_pool,https://bilibili.com
https://www.bilibili.com/video/BV1jb5Q6LE58,internal_pool,https://bilibili.com
https://www.bilibili.com/video/BV1nd5i6rEeB,internal_pool,https://bilibili.com
https://www.bilibili.com/video/BV1og5r6mEWo,internal_pool,https://bilibili.com
https://www.bilibili.com/video/BV1pd5B6JEwa,internal_pool,https://bilibili.com
https://naver.com,homepage,https://naver.com
http://whale.naver.com,internal_pool,https://naver.com
https://blog.naver.com,internal_pool,https://naver.com
https://cafe.naver.com,internal_pool,https://naver.com
https://chzzk.naver.com,internal_pool,https://naver.com
https://comic.naver.com,internal_pool,https://naver.com
https://d2.naver.com,internal_pool,https://naver.com
https://developers.naver.com,internal_pool,https://naver.com
https://developers.naver.com/docs/common/openapiguide,internal_pool,https://naver.com
https://en.dict.naver.com,internal_pool,https://naver.com
https://finance.naver.com,internal_pool,https://naver.com
https://finance.naver.com/item/main.naver,internal_pool,https://naver.com
https://finance.naver.com/sise/lastsearch2.naver,internal_pool,https://naver.com
https://finance.naver.com/world/sise.nhn,internal_pool,https://naver.com
https://help.naver.com,internal_pool,https://naver.com
https://help.naver.com/alias/search/word/word_16.naver,internal_pool,https://naver.com
https://help.naver.com/alias/search/word/word_17.naver,internal_pool,https://naver.com
https://help.naver.com/alias/search/word/word_18.naver,internal_pool,https://naver.com
https://help.naver.com/alias/search/word/word_35.naver,internal_pool,https://naver.com
https://help.naver.com/service/5627/contents/9145,internal_pool,https://naver.com
https://help.naver.com/support/alias/search/word/word_35.naver,internal_pool,https://naver.com
https://land.naver.com,internal_pool,https://naver.com
https://learn.dict.naver.com/m/endic/today/conversation.dict,internal_pool,https://naver.com
https://m.naver.com,internal_pool,https://naver.com
https://m.naver.com/mysubs,internal_pool,https://naver.com
https://mail.naver.com,internal_pool,https://naver.com
https://map.naver.com,internal_pool,https://naver.com
https://msearch.shopping.naver.com/book/catalog/32463527641,internal_pool,https://naver.com
https://msearch.shopping.naver.com/book/catalog/32473656962,internal_pool,https://naver.com
https://msearch.shopping.naver.com/book/catalog/32486402650,internal_pool,https://naver.com
https://msearch.shopping.naver.com/book/catalog/32487632626,internal_pool,https://naver.com
https://msearch.shopping.naver.com/book/catalog/53211770996,internal_pool,https://naver.com
https://msearch.shopping.naver.com/book/catalog/55212038473,internal_pool,https://naver.com
https://msearch.shopping.naver.com/book/catalog/57398692411,internal_pool,https://naver.com
https://msearch.shopping.naver.com/book/catalog/57717256176,internal_pool,https://naver.com
https://msearch.shopping.naver.com/book/catalog/58084664338,internal_pool,https://naver.com
https://msearch.shopping.naver.com/book/catalog/58401345275,internal_pool,https://naver.com
https://msearch.shopping.naver.com/book/catalog/58768860621,internal_pool,https://naver.com
https://msearch.shopping.naver.com/book/catalog/58785063955,internal_pool,https://naver.com
https://msearch.shopping.naver.com/book/catalog/59013875679,internal_pool,https://naver.com
https://msearch.shopping.naver.com/book/catalog/59333839505,internal_pool,https://naver.com
https://msearch.shopping.naver.com/book/catalog/59387951942,internal_pool,https://naver.com
https://msearch.shopping.naver.com/book/catalog/59401273299,internal_pool,https://naver.com
https://msearch.shopping.naver.com/book/catalog/59401606400,internal_pool,https://naver.com
https://msearch.shopping.naver.com/book/catalog/59518697707,internal_pool,https://naver.com
https://msearch.shopping.naver.com/book/catalog/59522096589,internal_pool,https://naver.com
https://msearch.shopping.naver.com/book/catalog/59531072492,internal_pool,https://naver.com
https://msearch.shopping.naver.com/book/catalog/59676636947,internal_pool,https://naver.com
https://msearch.shopping.naver.com/book/catalog/59690250553,internal_pool,https://naver.com
https://msearch.shopping.naver.com/book/catalog/59736007915,internal_pool,https://naver.com
https://msearch.shopping.naver.com/book/catalog/59761299856,internal_pool,https://naver.com
https://msearch.shopping.naver.com/book/catalog/59831610147,internal_pool,https://naver.com
https://msearch.shopping.naver.com/book/catalog/59842722398,internal_pool,https://naver.com
https://msearch.shopping.naver.com/book/catalog/59842722692,internal_pool,https://naver.com
https://msearch.shopping.naver.com/book/catalog/59942739362,internal_pool,https://naver.com
https://msearch.shopping.naver.com/book/catalog/59952696759,internal_pool,https://naver.com
https://msearch.shopping.naver.com/book/catalog/59958969718,internal_pool,https://naver.com
https://msearch.shopping.naver.com/book/catalog/60001884299,internal_pool,https://naver.com
https://msearch.shopping.naver.com/book/catalog/60011571562,internal_pool,https://naver.com
https://news.naver.com,internal_pool,https://naver.com
https://news.naver.com/election/region2026,internal_pool,https://naver.com
https://news.naver.com/main/list.naver,internal_pool,https://naver.com
https://newsstand.naver.com,internal_pool,https://naver.com
https://nid.naver.com/nidlogin.login,internal_pool,https://naver.com
https://nid.naver.com/nidregister.form,internal_pool,https://naver.com
https://nid.naver.com/user2/api/route,internal_pool,https://naver.com
https://notice.naver.com/notices/wwwpc/31599,internal_pool,https://naver.com
https://papago.naver.com,internal_pool,https://naver.com
https://pay.naver.com,internal_pool,https://naver.com
https://policy.naver.com/policy/service_group.html,internal_pool,https://naver.com
https://shopping.naver.com/cart,internal_pool,https://naver.com
https://shopping.naver.com/festa/onsale/69fb2e102e627d225c2e47fd,internal_pool,https://naver.com
https://shopping.naver.com/festa/onsale/69fc72709f9902753a85d92b,internal_pool,https://naver.com
https://shopping.naver.com/ns/home,internal_pool,https://naver.com
https://siape.veta.naver.com/fxclick,internal_pool,https://naver.com
https://vibe.naver.com/audio_player,internal_pool,https://naver.com
https://weather.naver.com,internal_pool,https://naver.com
https://weather.naver.com/air/09140104,internal_pool,https://naver.com
https://weather.naver.com/compare/09140104,internal_pool,https://naver.com
https://weather.naver.com/today/09140104,internal_pool,https://naver.com
https://whale.naver.com/ko,internal_pool,https://naver.com
https://www.naver.com/NOTICE,internal_pool,https://naver.com
https://www.naver.com/more.html,internal_pool,https://naver.com
https://www.naver.com/policy/privacy.html,internal_pool,https://naver.com
https://www.naver.com/policy/service.html,internal_pool,https://naver.com
https://www.naver.com/policy/youthpolicy.html,internal_pool,https://naver.com
https://weather.com,homepage,https://weather.com
https://shop.weather.com,internal_pool,https://weather.com
https://support.weather.com/s,internal_pool,https://weather.com
https://weather.com/2026/05/12/sports-recreation/golf/traveling-maps-forecast-weather,internal_pool,https://weather.com
https://weather.com/2026/05/13/news/climate/winters-alarmingly-low-snowpack-offers-a-glimpse-of-the-changing-rhythm-of,internal_pool,https://weather.com
https://weather.com/2026/05/13/safety/floods/funnel-effect-how-mountain-storms-can-unleash-catastrophic-flooding,internal_pool,https://weather.com
https://weather.com/2026/05/14/health/hantavirus-what-is-it-and-can-it-affect-you,internal_pool,https://weather.com
https://weather.com/2026/05/15/forecast/national/summer-outlook-cooler-for-the-northeast-while-northwest-bakes,internal_pool,https://weather.com
https://weather.com/2026/05/15/home-garden/from-the-expert-homeowners-guide-to-termite-season,internal_pool,https://weather.com
https://weather.com/2026/05/15/news/trending/video/waymo-recalls-driverless-cars-flooding,internal_pool,https://weather.com
https://weather.com/2026/05/15/science/space/video/weirdest-planets-seen-by-hubble-telescope,internal_pool,https://weather.com
https://weather.com/2026/05/15/vertical/video/waymo-recalls-driverless-cars,internal_pool,https://weather.com
https://weather.com/2026/05/16/news/weather/rain-delays-qualifying-for-the-indy-500,internal_pool,https://weather.com
https://weather.com/accessibility-statement,internal_pool,https://weather.com
https://weather.com/ar-AE,internal_pool,https://weather.com
https://weather.com/ar-BH,internal_pool,https://weather.com
https://weather.com/ar-DJ,internal_pool,https://weather.com
https://weather.com/ar-DZ,internal_pool,https://weather.com
https://weather.com/ar-EG,internal_pool,https://weather.com
https://weather.com/ar-ER,internal_pool,https://weather.com
https://weather.com/ar-IQ,internal_pool,https://weather.com
https://weather.com/ar-JO,internal_pool,https://weather.com
https://weather.com/ar-KM,internal_pool,https://weather.com
https://weather.com/ar-KW,internal_pool,https://weather.com
https://weather.com/ar-LB,internal_pool,https://weather.com
https://weather.com/ar-LY,internal_pool,https://weather.com
https://weather.com/ar-MA,internal_pool,https://weather.com
https://weather.com/ar-MR,internal_pool,https://weather.com
https://weather.com/ar-OM,internal_pool,https://weather.com
https://weather.com/ar-QA,internal_pool,https://weather.com
https://weather.com/ar-SA,internal_pool,https://weather.com
https://weather.com/ar-SD,internal_pool,https://weather.com
https://weather.com/ar-SO,internal_pool,https://weather.com
https://weather.com/ar-SY,internal_pool,https://weather.com
https://weather.com/ar-TD,internal_pool,https://weather.com
https://weather.com/ar-TN,internal_pool,https://weather.com
https://weather.com/atmosphere,internal_pool,https://weather.com
https://weather.com/atmosphere/reviews/best-hair-oils-for-every-type-of-hair,internal_pool,https://weather.com
https://weather.com/atmosphere/reviews/best-red-light-therapy-devices,internal_pool,https://weather.com
https://weather.com/atmosphere/reviews/best-silk-pillowcases,internal_pool,https://weather.com
https://weather.com/atmosphere/reviews/best-travel-products,internal_pool,https://weather.com
https://weather.com/atmosphere/reviews/last-minute-mothers-day-gift-ideas,internal_pool,https://weather.com
https://weather.com/atmosphere/reviews/long-sleeve-sun-shirts-men-and-women,internal_pool,https://weather.com
https://weather.com/bn-BD,internal_pool,https://weather.com
https://weather.com/ca-AD,internal_pool,https://weather.com
https://weather.com/ca-ES,internal_pool,https://weather.com
https://weather.com/cs-CZ,internal_pool,https://weather.com
https://weather.com/da-DK,internal_pool,https://weather.com
https://weather.com/data-rights,internal_pool,https://weather.com
https://weather.com/data-vendors,internal_pool,https://weather.com
https://weather.com/de-AT,internal_pool,https://weather.com
https://weather.com/de-CH,internal_pool,https://weather.com
https://weather.com/de-DE,internal_pool,https://weather.com
https://weather.com/de-LI,internal_pool,https://weather.com
https://weather.com/el-CY,internal_pool,https://weather.com
https://weather.com/el-GR,internal_pool,https://weather.com
https://weather.com/en-AG,internal_pool,https://weather.com
https://weather.com/en-AS,internal_pool,https://weather.com
https://weather.com/en-AU,internal_pool,https://weather.com
https://weather.com/en-BB,internal_pool,https://weather.com
https://weather.com/en-BS,internal_pool,https://weather.com
https://weather.com/en-BZ,internal_pool,https://weather.com
https://weather.com/en-CA,internal_pool,https://weather.com
https://weather.com/en-CM,internal_pool,https://weather.com
https://weather.com/en-DM,internal_pool,https://weather.com
https://weather.com/en-FJ,internal_pool,https://weather.com
https://weather.com/en-FM,internal_pool,https://weather.com
https://weather.com/en-GB,internal_pool,https://weather.com
https://weather.com/en-GD,internal_pool,https://weather.com
https://weather.com/en-GH,internal_pool,https://weather.com
https://weather.com/en-GM,internal_pool,https://weather.com
https://weather.com/en-GY,internal_pool,https://weather.com
https://weather.com/en-IE,internal_pool,https://weather.com
https://weather.com/en-IN,internal_pool,https://weather.com
https://weather.com/en-JM,internal_pool,https://weather.com
https://weather.com/en-KE,internal_pool,https://weather.com
https://weather.com/en-KI,internal_pool,https://weather.com
https://weather.com/en-KN,internal_pool,https://weather.com
https://weather.com/en-LC,internal_pool,https://weather.com
https://weather.com/en-LR,internal_pool,https://weather.com
https://weather.com/en-LS,internal_pool,https://weather.com
https://weather.com/en-MH,internal_pool,https://weather.com
https://weather.com/en-MT,internal_pool,https://weather.com
https://weather.com/en-MU,internal_pool,https://weather.com
https://weather.com/en-NA,internal_pool,https://weather.com
https://weather.com/en-NG,internal_pool,https://weather.com
https://weather.com/en-NZ,internal_pool,https://weather.com
https://weather.com/en-PA,internal_pool,https://weather.com
https://weather.com/en-PH,internal_pool,https://weather.com
https://weather.com/en-PK,internal_pool,https://weather.com
https://weather.com/en-PW,internal_pool,https://weather.com
https://weather.com/en-RW,internal_pool,https://weather.com
https://weather.com/en-SB,internal_pool,https://weather.com
https://weather.com/en-SG,internal_pool,https://weather.com
https://weather.com/en-SL,internal_pool,https://weather.com
https://weather.com/en-SS,internal_pool,https://weather.com
https://weather.com/en-SZ,internal_pool,https://weather.com
https://weather.com/en-TO,internal_pool,https://weather.com
https://weather.com/en-TT,internal_pool,https://weather.com
https://weather.com/en-TV,internal_pool,https://weather.com
https://weather.com/en-TZ,internal_pool,https://weather.com
https://weather.com/en-UG,internal_pool,https://weather.com
https://weather.com/en-US/privacy/privacy-policy,internal_pool,https://weather.com
https://weather.com/en-US/privacy/terms-of-use,internal_pool,https://weather.com
https://weather.com/en-US/twc/privacy-policy,internal_pool,https://weather.com
https://weather.com/en-VC,internal_pool,https://weather.com
https://weather.com/en-VU,internal_pool,https://weather.com
https://weather.com/en-ZA,internal_pool,https://weather.com
https://weather.com/es-AR,internal_pool,https://weather.com
https://weather.com/es-BO,internal_pool,https://weather.com
https://weather.com/es-CL,internal_pool,https://weather.com
https://weather.com/es-CO,internal_pool,https://weather.com
https://weather.com/es-CR,internal_pool,https://weather.com
https://weather.com/es-DO,internal_pool,https://weather.com
https://weather.com/es-EC,internal_pool,https://weather.com
https://weather.com/es-ES,internal_pool,https://weather.com
https://weather.com/es-GQ,internal_pool,https://weather.com
https://weather.com/es-GT,internal_pool,https://weather.com
https://weather.com/es-HN,internal_pool,https://weather.com
https://weather.com/es-MX,internal_pool,https://weather.com
https://weather.com/es-NI,internal_pool,https://weather.com
https://weather.com/es-PA,internal_pool,https://weather.com
https://weather.com/es-PE,internal_pool,https://weather.com
https://weather.com/es-PY,internal_pool,https://weather.com
https://weather.com/es-SV,internal_pool,https://weather.com
https://weather.com/es-US,internal_pool,https://weather.com
https://weather.com/es-UY,internal_pool,https://weather.com
https://weather.com/es-VE,internal_pool,https://weather.com
https://weather.com/et-EE,internal_pool,https://weather.com
https://weather.com/explore,internal_pool,https://weather.com
https://weather.com/fi-FI,internal_pool,https://weather.com
https://weather.com/forecast/air-quality/l/96e1c7f17a291a7ee64cda75a7bca6b6b8a31fa3cc9e0baf3c7c2f04dd3c1020,internal_pool,https://weather.com
https://weather.com/forecast/allergy/l/96e1c7f17a291a7ee64cda75a7bca6b6b8a31fa3cc9e0baf3c7c2f04dd3c1020,internal_pool,https://weather.com
https://weather.com/forecast/cold-flu/l/96e1c7f17a291a7ee64cda75a7bca6b6b8a31fa3cc9e0baf3c7c2f04dd3c1020,internal_pool,https://weather.com
https://weather.com/forecast/news/2014-10-31-national-forecast-20141009,internal_pool,https://weather.com
https://weather.com/fr-AD,internal_pool,https://weather.com
https://weather.com/fr-BE,internal_pool,https://weather.com
https://weather.com/fr-BF,internal_pool,https://weather.com
https://weather.com/fr-BI,internal_pool,https://weather.com
https://weather.com/fr-BJ,internal_pool,https://weather.com
https://weather.com/fr-CA,internal_pool,https://weather.com
https://weather.com/fr-CD,internal_pool,https://weather.com
https://weather.com/fr-CF,internal_pool,https://weather.com
https://weather.com/fr-CG,internal_pool,https://weather.com
https://weather.com/fr-CI,internal_pool,https://weather.com
https://weather.com/fr-CM,internal_pool,https://weather.com
https://weather.com/fr-DJ,internal_pool,https://weather.com
https://weather.com/fr-DZ,internal_pool,https://weather.com
https://weather.com/fr-FR,internal_pool,https://weather.com
https://weather.com/fr-GA,internal_pool,https://weather.com
https://weather.com/fr-GN,internal_pool,https://weather.com
https://weather.com/fr-HT,internal_pool,https://weather.com
https://weather.com/fr-KM,internal_pool,https://weather.com
https://weather.com/fr-LU,internal_pool,https://weather.com
https://weather.com/fr-MA,internal_pool,https://weather.com
https://weather.com/fr-MC,internal_pool,https://weather.com
https://weather.com/fr-MG,internal_pool,https://weather.com
https://weather.com/fr-ML,internal_pool,https://weather.com
https://weather.com/fr-MU,internal_pool,https://weather.com
https://weather.com/fr-NE,internal_pool,https://weather.com
https://weather.com/fr-RW,internal_pool,https://weather.com
https://weather.com/fr-SN,internal_pool,https://weather.com
https://weather.com/fr-TD,internal_pool,https://weather.com
https://weather.com/fr-TG,internal_pool,https://weather.com
https://weather.com/fr-VU,internal_pool,https://weather.com
https://weather.com/he-IL,internal_pool,https://weather.com
https://weather.com/health,internal_pool,https://weather.com
https://weather.com/health/breathing/video/weather-changes-spread-fungal-storms-valley-fever,internal_pool,https://weather.com
https://weather.com/health/news/2026-05-13-changing-weather-fuels-fungal-storms-valley-fever,internal_pool,https://weather.com
https://weather.com/health/skin-health,internal_pool,https://weather.com
https://weather.com/health/video/tick-borne-infections-babesia-infections-rising,internal_pool,https://weather.com
https://weather.com/hi-IN,internal_pool,https://weather.com
https://weather.com/home-garden,internal_pool,https://weather.com
https://weather.com/home-garden/news/2026-05-07-what-weather-disasters-are-not-covered-by-home-insurance,internal_pool,https://weather.com
https://weather.com/home-garden/recipes,internal_pool,https://weather.com
https://weather.com/hr-BA,internal_pool,https://weather.com
https://weather.com/hr-HR,internal_pool,https://weather.com
https://weather.com/hu-HU,internal_pool,https://weather.com
https://weather.com/id-ID,internal_pool,https://weather.com
https://weather.com/it-IT,internal_pool,https://weather.com
https://weather.com/it-SM,internal_pool,https://weather.com
https://weather.com/it-VA,internal_pool,https://weather.com
https://weather.com/ja-JP,internal_pool,https://weather.com
https://weather.com/ko-KR,internal_pool,https://weather.com
https://weather.com/legal,internal_pool,https://weather.com
https://weather.com/login,internal_pool,https://weather.com
https://weather.com/maps/currentusweather,internal_pool,https://weather.com
https://weather.com/maps/health/allergies/treepollen,internal_pool,https://weather.com
https://weather.com/maps/satellite/caribbeanweathermap,internal_pool,https://weather.com
https://weather.com/maps/severealerts,internal_pool,https://weather.com
https://weather.com/maps/ussatellitemap,internal_pool,https://weather.com
https://weather.com/mission,internal_pool,https://weather.com
https://weather.com/ms-BN,internal_pool,https://weather.com
https://weather.com/ms-MY,internal_pool,https://weather.com
https://weather.com/mydashboard,internal_pool,https://weather.com
https://weather.com/news,internal_pool,https://weather.com
https://weather.com/news/climate/news/2026-05-08-arctic-on-fire-3000-year-high-climate-change,internal_pool,https://weather.com
https://weather.com/news/trending/video/florida-pregnant-hiker-rescued-heat-exhaustion,internal_pool,https://weather.com
https://weather.com/news/trending/video/mexico-city-sinking-fast-new-satellite-image,internal_pool,https://weather.com
https://weather.com/news/weather/video/kansas-storm-international-space-station-camera,internal_pool,https://weather.com
https://weather.com/nl-BE,internal_pool,https://weather.com
https://weather.com/nl-NL,internal_pool,https://weather.com
https://weather.com/nl-SR,internal_pool,https://weather.com
https://weather.com/no-NO,internal_pool,https://weather.com
https://weather.com/pets,internal_pool,https://weather.com
https://weather.com/pets/video/kittens-rescued-from-mississippi-tornado-ruins,internal_pool,https://weather.com
https://weather.com/pets/video/parasites-dogs-leptospirosis-giardia,internal_pool,https://weather.com
https://weather.com/pl-PL,internal_pool,https://weather.com
https://weather.com/pt-AO,internal_pool,https://weather.com
https://weather.com/pt-BR,internal_pool,https://weather.com
https://weather.com/pt-CV,internal_pool,https://weather.com
https://weather.com/pt-GW,internal_pool,https://weather.com
https://weather.com/pt-MZ,internal_pool,https://weather.com
https://weather.com/pt-PT,internal_pool,https://weather.com
https://weather.com/pt-ST,internal_pool,https://weather.com
https://weather.com/pt-TP,internal_pool,https://weather.com
https://weather.com/ro-RO,internal_pool,https://weather.com
https://weather.com/ru-BY,internal_pool,https://weather.com
https://weather.com/ru-EE,internal_pool,https://weather.com
https://weather.com/ru-KG,internal_pool,https://weather.com
https://weather.com/safety,internal_pool,https://weather.com
https://weather.com/safety/hurricane/video/hurricane-season-preparation-tropical-terminology,internal_pool,https://weather.com
https://weather.com/safety/index,internal_pool,https://weather.com
https://weather.com/science/nature/video/patchouli-repels-mosquitoes-in-new-study,internal_pool,https://weather.com
https://weather.com/science/space,internal_pool,https://weather.com
https://weather.com/services/ad-choices,internal_pool,https://weather.com
https://weather.com/signup,internal_pool,https://weather.com
https://weather.com/sk-SK,internal_pool,https://weather.com
https://weather.com/storm-radar,internal_pool,https://weather.com
https://weather.com/storms/hurricane-central,internal_pool,https://weather.com
https://weather.com/storms/severe/news/2026-05-12-severe-weather-threat-weekend-tornadoes-winds,internal_pool,https://weather.com
https://weather.com/storms/tornado-central,internal_pool,https://weather.com
https://weather.com/sv-SE,internal_pool,https://weather.com
https://weather.com/th-TH,internal_pool,https://weather.com
https://weather.com/tl-PH,internal_pool,https://weather.com
https://weather.com/tr-TR,internal_pool,https://weather.com
https://weather.com/travel,internal_pool,https://weather.com
https://weather.com/travel/video/two-buttes-reservoir-lake-dried-up-colorado,internal_pool,https://weather.com
https://weather.com/uk-UA,internal_pool,https://weather.com
https://weather.com/ur-PK,internal_pool,https://weather.com
https://weather.com/vi-VN,internal_pool,https://weather.com
https://weather.com/weather/hourbyhour/l/96e1c7f17a291a7ee64cda75a7bca6b6b8a31fa3cc9e0baf3c7c2f04dd3c1020,internal_pool,https://weather.com
https://weather.com/weather/monthly/l/96e1c7f17a291a7ee64cda75a7bca6b6b8a31fa3cc9e0baf3c7c2f04dd3c1020,internal_pool,https://weather.com
https://weather.com/weather/radar/interactive/l/96e1c7f17a291a7ee64cda75a7bca6b6b8a31fa3cc9e0baf3c7c2f04dd3c1020,internal_pool,https://weather.com
https://weather.com/weather/tenday/l/96e1c7f17a291a7ee64cda75a7bca6b6b8a31fa3cc9e0baf3c7c2f04dd3c1020,internal_pool,https://weather.com
https://weather.com/weather/today/l/96e1c7f17a291a7ee64cda75a7bca6b6b8a31fa3cc9e0baf3c7c2f04dd3c1020,internal_pool,https://weather.com
https://weather.com/weather/weekend/l/96e1c7f17a291a7ee64cda75a7bca6b6b8a31fa3cc9e0baf3c7c2f04dd3c1020,internal_pool,https://weather.com
https://weather.com/zh-CN,internal_pool,https://weather.com
https://weather.com/zh-HK,internal_pool,https://weather.com
https://weather.com/zh-SG,internal_pool,https://weather.com
https://weather.com/zh-TW,internal_pool,https://weather.com
https://pinterest.com/search/pins/?q=cats,homepage,https://pinterest.com/search/pins/?q=cats
https://www.pinterest.com,internal_pool,https://pinterest.com/search/pins/?q=cats
https://www.pinterest.com/ideas,internal_pool,https://pinterest.com/search/pins/?q=cats
https://www.pinterest.com/pin/166070305005740699,internal_pool,https://pinterest.com/search/pins/?q=cats
https://www.pinterest.com/pin/24488391720984342,internal_pool,https://pinterest.com/search/pins/?q=cats
https://www.pinterest.com/pin/2462974793537113,internal_pool,https://pinterest.com/search/pins/?q=cats
https://www.pinterest.com/pin/258745941086958355,internal_pool,https://pinterest.com/search/pins/?q=cats
https://www.pinterest.com/pin/284782376432713426,internal_pool,https://pinterest.com/search/pins/?q=cats
https://www.pinterest.com/pin/294211788180246005,internal_pool,https://pinterest.com/search/pins/?q=cats
https://www.pinterest.com/pin/403987029097976487,internal_pool,https://pinterest.com/search/pins/?q=cats
https://www.pinterest.com/pin/431219733093969433,internal_pool,https://pinterest.com/search/pins/?q=cats
https://www.pinterest.com/pin/531706299780678132,internal_pool,https://pinterest.com/search/pins/?q=cats
https://www.pinterest.com/pin/531706299780678149,internal_pool,https://pinterest.com/search/pins/?q=cats
https://www.pinterest.com/pin/6473993212670587,internal_pool,https://pinterest.com/search/pins/?q=cats
https://www.pinterest.com/pin/84301824271050595,internal_pool,https://pinterest.com/search/pins/?q=cats
https://www.pinterest.com/search/pins,internal_pool,https://pinterest.com/search/pins/?q=cats
https://www.pinterest.com/pin/238198267796942406,internal_pool,https://pinterest.com/search/pins/?q=cats
https://www.pinterest.com/pin/65654107064590364,internal_pool,https://pinterest.com/search/pins/?q=cats
https://twitch.tv,homepage,https://twitch.tv
https://www.twitch.tv/alveussanctuary,internal_pool,https://twitch.tv
https://www.twitch.tv/buster,internal_pool,https://twitch.tv
https://www.twitch.tv/caedrel,internal_pool,https://twitch.tv
https://www.twitch.tv/caedrel247,internal_pool,https://twitch.tv
https://www.twitch.tv/directory,internal_pool,https://twitch.tv
https://www.twitch.tv/directory/all,internal_pool,https://twitch.tv
https://www.twitch.tv/directory/all/tags/AMA,internal_pool,https://twitch.tv
https://www.twitch.tv/directory/all/tags/English,internal_pool,https://twitch.tv
https://www.twitch.tv/directory/all/tags/Esports,internal_pool,https://twitch.tv
https://www.twitch.tv/directory/all/tags/Food,internal_pool,https://twitch.tv
https://www.twitch.tv/directory/all/tags/LCK,internal_pool,https://twitch.tv
https://www.twitch.tv/directory/all/tags/LGBTQIAPlus,internal_pool,https://twitch.tv
https://www.twitch.tv/directory/all/tags/NotACat,internal_pool,https://twitch.tv
https://www.twitch.tv/directory/all/tags/Outdoors,internal_pool,https://twitch.tv
https://www.twitch.tv/directory/all/tags/Spain,internal_pool,https://twitch.tv
https://www.twitch.tv/directory/all/tags/Speedrunner,internal_pool,https://twitch.tv
https://www.twitch.tv/directory/all/tags/Sumo,internal_pool,https://twitch.tv
https://www.twitch.tv/directory/all/tags/TwitchCon,internal_pool,https://twitch.tv
https://www.twitch.tv/directory/all/tags/Worlds,internal_pool,https://twitch.tv
https://www.twitch.tv/directory/all/tags/Wrestling,internal_pool,https://twitch.tv
https://www.twitch.tv/directory/all/tags/dalendale,internal_pool,https://twitch.tv
https://www.twitch.tv/directory/category/counter-strike,internal_pool,https://twitch.tv
https://www.twitch.tv/directory/category/irl,internal_pool,https://twitch.tv
https://www.twitch.tv/directory/category/just-chatting,internal_pool,https://twitch.tv
https://www.twitch.tv/directory/category/league-of-legends,internal_pool,https://twitch.tv
https://www.twitch.tv/directory/category/retro,internal_pool,https://twitch.tv
https://www.twitch.tv/directory/category/subnautica-2,internal_pool,https://twitch.tv
https://www.twitch.tv/directory/category/world-of-warcraft,internal_pool,https://twitch.tv
https://www.twitch.tv/directory/collection/just-chatting-irl-streams,internal_pool,https://twitch.tv
https://www.twitch.tv/directory/tags/2610cff9-10ae-4cb3-8500-778e6722fbb5,internal_pool,https://twitch.tv
https://www.twitch.tv/directory/tags/523fe736-fa95-44c7-b22f-13008ca2172c,internal_pool,https://twitch.tv
https://www.twitch.tv/directory/tags/80427d95-bb46-42d3-bf4d-408e9bdca49a,internal_pool,https://twitch.tv
https://www.twitch.tv/directory/tags/857fce92-df0c-4c8c-8c60-28e0c5f7d8ae,internal_pool,https://twitch.tv
https://www.twitch.tv/directory/tags/9d38085e-ee62-4203-877b-81797052a18b,internal_pool,https://twitch.tv
https://www.twitch.tv/directory/tags/a69f7ffb-ddda-4c05-8d7d-f0b24975a2c3,internal_pool,https://twitch.tv
https://www.twitch.tv/eslcs,internal_pool,https://twitch.tv
https://www.twitch.tv/hitch,internal_pool,https://twitch.tv
https://www.twitch.tv/jinnytty,internal_pool,https://twitch.tv
https://www.twitch.tv/midnightsumo,internal_pool,https://twitch.tv
https://www.twitch.tv/mrockstar20,internal_pool,https://twitch.tv
https://www.twitch.tv/pgl,internal_pool,https://twitch.tv
https://www.twitch.tv/strogo,internal_pool,https://twitch.tv
https://www.twitch.tv/studytme,internal_pool,https://twitch.tv
https://www.twitch.tv/summit1g,internal_pool,https://twitch.tv
https://www.twitch.tv/theburntpeanut,internal_pool,https://twitch.tv
https://www.twitch.tv/arky,internal_pool,https://twitch.tv
https://www.twitch.tv/directory/all/tags/CatSnake,internal_pool,https://twitch.tv
https://www.twitch.tv/directory/all/tags/Charity,internal_pool,https://twitch.tv
https://www.twitch.tv/directory/all/tags/DropsEnabled,internal_pool,https://twitch.tv
https://www.twitch.tv/directory/all/tags/FamilyFriendly,internal_pool,https://twitch.tv
https://www.twitch.tv/directory/all/tags/Ferret,internal_pool,https://twitch.tv
https://www.twitch.tv/directory/all/tags/Fran%C3%A7ais,internal_pool,https://twitch.tv
https://www.twitch.tv/directory/all/tags/Long,internal_pool,https://twitch.tv
https://www.twitch.tv/directory/all/tags/blackstremer,internal_pool,https://twitch.tv
https://www.twitch.tv/directory/all/tags/purplemartins,internal_pool,https://twitch.tv
https://www.twitch.tv/directory/category/animals-aquariums-and-zoos,internal_pool,https://twitch.tv
https://www.twitch.tv/directory/category/marvel-rivals,internal_pool,https://twitch.tv
https://www.twitch.tv/ferretsoftware,internal_pool,https://twitch.tv
https://www.twitch.tv/lilsimsie,internal_pool,https://twitch.tv
https://www.twitch.tv/oilrats,internal_pool,https://twitch.tv
https://www.twitch.tv/peachiereignz,internal_pool,https://twitch.tv
https://www.twitch.tv/wudijo,internal_pool,https://twitch.tv
https://turbopages.org,homepage,https://turbopages.org
https://microsoft.com,homepage,https://microsoft.com
https://account.microsoft.com,internal_pool,https://microsoft.com
https://apps.microsoft.com/games,internal_pool,https://microsoft.com
https://apps.microsoft.com/home,internal_pool,https://microsoft.com
https://azure.microsoft.com,internal_pool,https://microsoft.com
https://azure.microsoft.com/free/students,internal_pool,https://microsoft.com
https://azure.microsoft.com/nl-nl,internal_pool,https://microsoft.com
https://careers.microsoft.com,internal_pool,https://microsoft.com
https://choice.microsoft.com,internal_pool,https://microsoft.com
https://copilot.microsoft.com,internal_pool,https://microsoft.com
https://developer.microsoft.com/en-us,internal_pool,https://microsoft.com
https://education.microsoft.com,internal_pool,https://microsoft.com
https://go.microsoft.com/fwlink,internal_pool,https://microsoft.com
https://go.microsoft.com/fwlink/p,internal_pool,https://microsoft.com
https://learn.microsoft.com,internal_pool,https://microsoft.com
https://marketplace.microsoft.com,internal_pool,https://microsoft.com
https://support.microsoft.com/contactus,internal_pool,https://microsoft.com
https://support.microsoft.com/nl-nl,internal_pool,https://microsoft.com
https://support.microsoft.com/nl-nl/office/overstappen-van-skype-naar-gratis-microsoft-teams-3c0caa26-d9db-4179-bcb3-930ae2c87570,internal_pool,https://microsoft.com
https://techcommunity.microsoft.com,internal_pool,https://microsoft.com
https://visualstudio.microsoft.com,internal_pool,https://microsoft.com
https://www.microsoft.com/education,internal_pool,https://microsoft.com
https://www.microsoft.com/education/devices/overview,internal_pool,https://microsoft.com
https://www.microsoft.com/education/products/office,internal_pool,https://microsoft.com
https://www.microsoft.com/education/products/teams,internal_pool,https://microsoft.com
https://www.microsoft.com/en-ie/eucompliancedoc/default.aspx,internal_pool,https://microsoft.com
https://www.microsoft.com/investor/default.aspx,internal_pool,https://microsoft.com
https://www.microsoft.com/licensing,internal_pool,https://microsoft.com
https://www.microsoft.com/nl-nl,internal_pool,https://microsoft.com
https://www.microsoft.com/nl-nl/ai,internal_pool,https://microsoft.com
https://www.microsoft.com/nl-nl/d/Surface-Laptop-Studio-2/8rqr54krf1dz,internal_pool,https://microsoft.com
https://www.microsoft.com/nl-nl/d/surface-pro-voor-zakelijk-gebruik-copilot-pc-intel/8qfmn9xp1rl9,internal_pool,https://microsoft.com
https://www.microsoft.com/nl-nl/download,internal_pool,https://microsoft.com
https://www.microsoft.com/nl-nl/dynamics-365,internal_pool,https://microsoft.com
https://www.microsoft.com/nl-nl/edge,internal_pool,https://microsoft.com
https://www.microsoft.com/nl-nl/education,internal_pool,https://microsoft.com
https://www.microsoft.com/nl-nl/education/products/microsoft-365,internal_pool,https://microsoft.com
https://www.microsoft.com/nl-nl/locale,internal_pool,https://microsoft.com
https://www.microsoft.com/nl-nl/microsoft-365,internal_pool,https://microsoft.com
https://www.microsoft.com/nl-nl/microsoft-365-copilot,internal_pool,https://microsoft.com
https://www.microsoft.com/nl-nl/microsoft-365/business,internal_pool,https://microsoft.com
https://www.microsoft.com/nl-nl/microsoft-365/buy/compare-all-microsoft-365-products,internal_pool,https://microsoft.com
https://www.microsoft.com/nl-nl/microsoft-365/onedrive/online-cloud-storage,internal_pool,https://microsoft.com
https://www.microsoft.com/nl-nl/microsoft-365/onenote/digital-note-taking-app,internal_pool,https://microsoft.com
https://www.microsoft.com/nl-nl/microsoft-365/outlook/email-and-calendar-software-microsoft-outlook,internal_pool,https://microsoft.com
https://www.microsoft.com/nl-nl/microsoft-copilot/for-individuals,internal_pool,https://microsoft.com
https://www.microsoft.com/nl-nl/microsoft-copilot/organizations,internal_pool,https://microsoft.com
https://www.microsoft.com/nl-nl/microsoft-products-and-apps,internal_pool,https://microsoft.com
https://www.microsoft.com/nl-nl/microsoft-teams/group-chat-software,internal_pool,https://microsoft.com
https://www.microsoft.com/nl-nl/p/xbox-game-pass-ultimate/cfq7ttc0khs0,internal_pool,https://microsoft.com
https://www.microsoft.com/nl-nl/power-platform,internal_pool,https://microsoft.com
https://www.microsoft.com/nl-nl/privacy,internal_pool,https://microsoft.com
https://www.microsoft.com/nl-nl/security,internal_pool,https://microsoft.com
https://www.microsoft.com/nl-nl/sitemap,internal_pool,https://microsoft.com
https://www.microsoft.com/nl-nl/sovereignty,internal_pool,https://microsoft.com
https://www.microsoft.com/nl-nl/store/b/aboutwarranties,internal_pool,https://microsoft.com
https://www.microsoft.com/nl-nl/store/b/accessories,internal_pool,https://microsoft.com
https://www.microsoft.com/nl-nl/store/b/business,internal_pool,https://microsoft.com
https://www.microsoft.com/nl-nl/store/b/buy-surface-laptop,internal_pool,https://microsoft.com
https://www.microsoft.com/nl-nl/store/b/buy-surface-pro,internal_pool,https://microsoft.com
https://www.microsoft.com/nl-nl/store/b/gift-cards,internal_pool,https://microsoft.com
https://www.microsoft.com/nl-nl/store/b/order-tracking,internal_pool,https://microsoft.com
https://www.microsoft.com/nl-nl/store/b/recycling,internal_pool,https://microsoft.com
https://www.microsoft.com/nl-nl/store/b/sale,internal_pool,https://microsoft.com
https://www.microsoft.com/nl-nl/store/b/student,internal_pool,https://microsoft.com
https://www.microsoft.com/nl-nl/store/b/surface-accessories,internal_pool,https://microsoft.com
https://www.microsoft.com/nl-nl/store/b/xbox,internal_pool,https://microsoft.com
https://www.microsoft.com/nl-nl/store/cart,internal_pool,https://microsoft.com
https://www.microsoft.com/nl-nl/store/collections/XboxControllers,internal_pool,https://microsoft.com
https://www.microsoft.com/nl-nl/store/top-paid/games/xbox,internal_pool,https://microsoft.com
https://www.microsoft.com/nl-nl/windows,internal_pool,https://microsoft.com
https://www.microsoft.com/nl-nl/windows-365,internal_pool,https://microsoft.com
https://www.microsoft.com/nl-nl/windows/apps-for-windows,internal_pool,https://microsoft.com
https://www.microsoft.com/nl-nl/windows/business,internal_pool,https://microsoft.com
https://www.microsoft.com/rewards,internal_pool,https://microsoft.com
https://www.microsoft.com/software-development-companies,internal_pool,https://microsoft.com
https://www.microsoft.com/software-development-companies/offers-benefits/isv-success,internal_pool,https://microsoft.com
https://www.microsoft.com/surface,internal_pool,https://microsoft.com
https://www.microsoft.com/surface/devices/surface-laptop,internal_pool,https://microsoft.com
https://www.microsoft.com/surface/devices/surface-pro,internal_pool,https://microsoft.com
https://www.microsoft.com/sustainability,internal_pool,https://microsoft.com
https://duckduckgo.com/?q=cats,homepage,https://duckduckgo.com/?q=cats
https://duckduckgo.com,internal_pool,https://duckduckgo.com/?q=cats
https://duckduckgo.com/about,internal_pool,https://duckduckgo.com/?q=cats
https://duckduckgo.com/app,internal_pool,https://duckduckgo.com/?q=cats
https://duckduckgo.com/blog,internal_pool,https://duckduckgo.com/?q=cats
https://duckduckgo.com/careers,internal_pool,https://duckduckgo.com/?q=cats
https://duckduckgo.com/collaborations,internal_pool,https://duckduckgo.com/?q=cats
https://duckduckgo.com/compare-privacy,internal_pool,https://duckduckgo.com/?q=cats
https://duckduckgo.com/duckduckgo-help-pages,internal_pool,https://duckduckgo.com/?q=cats
https://duckduckgo.com/duckduckgo-help-pages/company/advertise-on-duckduckgo-search,internal_pool,https://duckduckgo.com/?q=cats
https://duckduckgo.com/duckduckgo-help-pages/results/how-to-filter-out-ai-images-in-duckduckgo-search-results,internal_pool,https://duckduckgo.com/?q=cats
https://duckduckgo.com/duckduckgo-help-pages/search-privacy,internal_pool,https://duckduckgo.com/?q=cats
https://duckduckgo.com/email,internal_pool,https://duckduckgo.com/?q=cats
https://duckduckgo.com/mac,internal_pool,https://duckduckgo.com/?q=cats
https://duckduckgo.com/newsletter,internal_pool,https://duckduckgo.com/?q=cats
https://duckduckgo.com/press,internal_pool,https://duckduckgo.com/?q=cats
https://duckduckgo.com/privacy,internal_pool,https://duckduckgo.com/?q=cats
https://duckduckgo.com/pro,internal_pool,https://duckduckgo.com/?q=cats
https://duckduckgo.com/settings,internal_pool,https://duckduckgo.com/?q=cats
https://duckduckgo.com/terms,internal_pool,https://duckduckgo.com/?q=cats
https://duckduckgo.com/updates,internal_pool,https://duckduckgo.com/?q=cats
https://duckduckgo.com/windows,internal_pool,https://duckduckgo.com/?q=cats
https://start.duckduckgo.com,internal_pool,https://duckduckgo.com/?q=cats
https://qq.com,homepage,https://qq.com
https://110.qq.com,internal_pool,https://qq.com
https://book.qq.com,internal_pool,https://qq.com
https://browser.qq.com,internal_pool,https://qq.com
https://docs.qq.com/desktop,internal_pool,https://qq.com
https://gongyi.qq.com,internal_pool,https://qq.com
https://gu.qq.com/hkHSI,internal_pool,https://qq.com
https://gu.qq.com/sh000001,internal_pool,https://qq.com
https://gu.qq.com/sh000300,internal_pool,https://qq.com
https://gu.qq.com/sh000680,internal_pool,https://qq.com
https://gu.qq.com/sz399001,internal_pool,https://qq.com
https://gu.qq.com/sz399006,internal_pool,https://qq.com
https://gu.qq.com/usDJI,internal_pool,https://qq.com
https://gu.qq.com/usINX,internal_pool,https://qq.com
https://gu.qq.com/usIXIC,internal_pool,https://qq.com
https://guanjia.qq.com,internal_pool,https://qq.com
https://h5.news.qq.com/static/B2-20090059.html,internal_pool,https://qq.com
https://h5.news.qq.com/static/bjhlwfyflfwgzz.shtml,internal_pool,https://qq.com
https://h5.news.qq.com/static/cbst.shtml,internal_pool,https://qq.com
https://h5.news.qq.com/static/copyright.shtml,internal_pool,https://qq.com
https://h5.news.qq.com/static/culture.shtml,internal_pool,https://qq.com
https://h5.news.qq.com/static/dzwfggcns.htm,internal_pool,https://qq.com
https://h5.news.qq.com/static/icp2.shtml,internal_pool,https://qq.com
https://h5.news.qq.com/static/internet_licence.htm,internal_pool,https://qq.com
https://h5.news.qq.com/static/scio.htm,internal_pool,https://qq.com
https://h5.news.qq.com/static/spyp.htm,internal_pool,https://qq.com
https://h5.news.qq.com/sv1/agreement/copyright.html,internal_pool,https://qq.com
https://h5.ssp.qq.com/lps/production/material/202604/d15e16c3cfcb74cef608ae0dc1a12657.html,internal_pool,https://qq.com
https://h5.ssp.qq.com/lps/production/material/202605/6ea0d5337b38c72309c9c5c2725e2e8c.html,internal_pool,https://qq.com
https://im.qq.com/index,internal_pool,https://qq.com
https://ima.qq.com,internal_pool,https://qq.com
https://info.e.qq.com/consumer,internal_pool,https://qq.com
https://kf.qq.com,internal_pool,https://qq.com
https://mail.qq.com,internal_pool,https://qq.com
https://map.qq.com,internal_pool,https://qq.com
https://new.qq.com/report,internal_pool,https://qq.com
https://new.qq.com/sv1/agreement/jubaoxuzhi.html,internal_pool,https://qq.com
https://news.qq.com,internal_pool,https://qq.com
https://news.qq.com/ch/auto,internal_pool,https://qq.com
https://news.qq.com/ch/chupin,internal_pool,https://qq.com
https://news.qq.com/ch/edu,internal_pool,https://qq.com
https://news.qq.com/ch/ent,internal_pool,https://qq.com
https://news.qq.com/ch/esport,internal_pool,https://qq.com
https://news.qq.com/ch/finance,internal_pool,https://qq.com
https://news.qq.com/ch/game_center,internal_pool,https://qq.com
https://news.qq.com/ch/games,internal_pool,https://qq.com
https://news.qq.com/ch/health,internal_pool,https://qq.com
https://news.qq.com/ch/house,internal_pool,https://qq.com
https://news.qq.com/ch/kepu,internal_pool,https://qq.com
https://news.qq.com/ch/milite,internal_pool,https://qq.com
https://news.qq.com/ch/nba,internal_pool,https://qq.com
https://news.qq.com/ch/qa,internal_pool,https://qq.com
https://news.qq.com/ch/sports,internal_pool,https://qq.com
https://news.qq.com/ch/tech,internal_pool,https://qq.com
https://news.qq.com/ch/world,internal_pool,https://qq.com
https://news.qq.com/download,internal_pool,https://qq.com
https://news.qq.com/mobile,internal_pool,https://qq.com
https://news.qq.com/omn/author/8QIf3nxe6oQYvzzZ4Qs%3D,internal_pool,https://qq.com
https://news.qq.com/omn/author/8QMc3H5f7o0Uuj%2FZ,internal_pool,https://qq.com
https://news.qq.com/omn/author/8QMc3nhf64YVuTjZ,internal_pool,https://qq.com
https://news.qq.com/rain/a/20250108A09NDI00,internal_pool,https://qq.com
https://news.qq.com/rain/a/20260515A065BX00,internal_pool,https://qq.com
https://news.qq.com/rain/a/20260515A09OQF00,internal_pool,https://qq.com
https://news.qq.com/rain/a/20260516A008OS00,internal_pool,https://qq.com
https://news.qq.com/rain/a/20260516A028LX00,internal_pool,https://qq.com
https://news.qq.com/rain/a/20260516A02RC100,internal_pool,https://qq.com
https://news.qq.com/rain/a/20260516A03AF800,internal_pool,https://qq.com
https://news.qq.com/rain/a/20260516A088NC00,internal_pool,https://qq.com
https://news.qq.com/rain/a/20260516A08VGL00,internal_pool,https://qq.com
https://news.qq.com/rain/a/20260516A09DUD00,internal_pool,https://qq.com
https://news.qq.com/rain/a/20260516V03BQ800,internal_pool,https://qq.com
https://news.qq.com/rain/a/20260516V04AQK00,internal_pool,https://qq.com
https://news.qq.com/rain/a/20260516V07BB700,internal_pool,https://qq.com
https://news.qq.com/rain/a/20260516V083T400,internal_pool,https://qq.com
https://news.qq.com/rain/a/20260516V08ZYE00,internal_pool,https://qq.com
https://news.qq.com/rain/a/20260517A02XYL00,internal_pool,https://qq.com
https://news.qq.com/rain/a/20260517A035M200,internal_pool,https://qq.com
https://news.qq.com/rain/a/20260517A038V000,internal_pool,https://qq.com
https://news.qq.com/rain/a/20260517A03HBO00,internal_pool,https://qq.com
https://news.qq.com/rain/a/20260517A0439400,internal_pool,https://qq.com
https://news.qq.com/rain/a/20260517A043QB00,internal_pool,https://qq.com
https://news.qq.com/rain/a/20260517V02S3I00,internal_pool,https://qq.com
https://news.qq.com/rain/a/20260517V03RTV00,internal_pool,https://qq.com
https://news.qq.com/rain/a/20260517V040AH00,internal_pool,https://qq.com
https://news.qq.com/rain/a/20260517V046OV00,internal_pool,https://qq.com
https://news.qq.com/rain/a/LNK2026051622217100,internal_pool,https://qq.com
https://news.qq.com/rain/a/LNK2026051622217300,internal_pool,https://qq.com
https://news.qq.com/rain/a/LNK2026051703837300,internal_pool,https://qq.com
https://news.qq.com/rain/a/LNK2026051703867800,internal_pool,https://qq.com
https://news.qq.com/rain/a/LNK2026051710421600,internal_pool,https://qq.com
https://om.qq.com/userAuth/index,internal_pool,https://qq.com
https://open.qq.com,internal_pool,https://qq.com
https://pay.qq.com,internal_pool,https://qq.com
https://pc.qq.com,internal_pool,https://qq.com
https://pd.qq.com,internal_pool,https://qq.com
https://privacy.qq.com/mb/policy/tencent-privacypolicy,internal_pool,https://qq.com
https://qqgame.qq.com/homepage_channel,internal_pool,https://qq.com
https://qzone.qq.com,internal_pool,https://qq.com
https://s.iwan.qq.com/opengame/tenvideo/index.html,internal_pool,https://qq.com
https://sj.qq.com,internal_pool,https://qq.com
https://sports.qq.com,internal_pool,https://qq.com
https://sports.qq.com/nba/index.shtml,internal_pool,https://qq.com
https://v.qq.com,internal_pool,https://qq.com
https://v.qq.com/channel/tv,internal_pool,https://qq.com
https://view.inews.qq.com/tag/Zkerx7tegWc=,internal_pool,https://qq.com
https://vip.qq.com,internal_pool,https://qq.com
https://weixin.qq.com,internal_pool,https://qq.com
https://work.weixin.qq.com,internal_pool,https://qq.com
https://y.qq.com,internal_pool,https://qq.com
https://fandom.com,homepage,https://fandom.com
https://about.fandom.com/mediakit,internal_pool,https://fandom.com
https://arrow.fandom.com,internal_pool,https://fandom.com
https://auth.fandom.com/register,internal_pool,https://fandom.com
https://auth.fandom.com/signin,internal_pool,https://fandom.com
https://avatar.fandom.com/wiki/Zuko,internal_pool,https://fandom.com
https://community.fandom.com/Sitemap,internal_pool,https://fandom.com
https://community.fandom.com/wiki/Adoption:Requests,internal_pool,https://fandom.com
https://community.fandom.com/wiki/Blog:Fandom_Staff_Blog,internal_pool,https://fandom.com
https://community.fandom.com/wiki/Category:Wiki_Management_Advice,internal_pool,https://fandom.com
https://community.fandom.com/wiki/Community_Central,internal_pool,https://fandom.com
https://community.fandom.com/wiki/Community_Central:Assume_good_faith,internal_pool,https://fandom.com
https://community.fandom.com/wiki/Community_Central:Community_Volunteers,internal_pool,https://fandom.com
https://community.fandom.com/wiki/Community_Central:Discussions_Guidelines,internal_pool,https://fandom.com
https://community.fandom.com/wiki/Community_Central:Guidelines,internal_pool,https://fandom.com
https://community.fandom.com/wiki/Community_Central:Interlanguage_link_requests,internal_pool,https://fandom.com
https://community.fandom.com/wiki/Community_Central:Policies,internal_pool,https://fandom.com
https://community.fandom.com/wiki/Community_Central:Staff,internal_pool,https://fandom.com
https://community.fandom.com/wiki/Community_Central:Staff_Blog/Company_Updates,internal_pool,https://fandom.com
"https://community.fandom.com/wiki/Community_Central:Staff_Blog/Diversity,_Equality_and_Inclusion",internal_pool,https://fandom.com
https://community.fandom.com/wiki/Community_Central:Staff_Blog/Fandom_Program_Updates,internal_pool,https://fandom.com
https://community.fandom.com/wiki/Community_Central:Staff_Blog/Policy_Updates,internal_pool,https://fandom.com
https://community.fandom.com/wiki/Community_Central:Staff_Blog/Product_Updates,internal_pool,https://fandom.com
https://community.fandom.com/wiki/Community_Central:Staff_Blog/Technical_Updates,internal_pool,https://fandom.com
https://community.fandom.com/wiki/Community_Central:User_pages,internal_pool,https://fandom.com
https://community.fandom.com/wiki/Community_Programs_Hub,internal_pool,https://fandom.com
https://community.fandom.com/wiki/Discord,internal_pool,https://fandom.com
https://community.fandom.com/wiki/Discussions_Moderation_Requests,internal_pool,https://fandom.com
https://community.fandom.com/wiki/Help:Changing_your_username,internal_pool,https://fandom.com
https://community.fandom.com/wiki/Help:Color,internal_pool,https://fandom.com
https://community.fandom.com/wiki/Help:Contents,internal_pool,https://fandom.com
https://community.fandom.com/wiki/Help:Contents-admin,internal_pool,https://fandom.com
https://community.fandom.com/wiki/Help:Contents-design,internal_pool,https://fandom.com
https://community.fandom.com/wiki/Help:Contents-editing,internal_pool,https://fandom.com
https://community.fandom.com/wiki/Help:Contents-personalization,internal_pool,https://fandom.com
https://community.fandom.com/wiki/Help:Contents-technical,internal_pool,https://fandom.com
https://community.fandom.com/wiki/Help:Editing,internal_pool,https://fandom.com
https://community.fandom.com/wiki/Help:Guides_And_Advice,internal_pool,https://fandom.com
https://community.fandom.com/wiki/Help:Index,internal_pool,https://fandom.com
https://community.fandom.com/wiki/Help:Infoboxes,internal_pool,https://fandom.com
https://community.fandom.com/wiki/Help:Templates,internal_pool,https://fandom.com
https://community.fandom.com/wiki/Help:Theme_designer,internal_pool,https://fandom.com
https://community.fandom.com/wiki/Help:Your_First_Steps_on_Fandom,internal_pool,https://fandom.com
https://community.fandom.com/wiki/Help:Your_First_Steps_on_Fandom/Blog_Feed,internal_pool,https://fandom.com
https://community.fandom.com/wiki/Help:Your_Journey_to_Becoming_a_Community_Mentor,internal_pool,https://fandom.com
https://community.fandom.com/wiki/Help:Your_Journey_to_Becoming_a_Community_Mentor/Supplement_Blog_Feed,internal_pool,https://fandom.com
https://community.fandom.com/wiki/Help:Your_Journey_to_Becoming_a_Power_User,internal_pool,https://fandom.com
https://community.fandom.com/wiki/Help:Your_Journey_to_Becoming_a_Power_User/Blog_Feed,internal_pool,https://fandom.com
https://community.fandom.com/wiki/Help:Your_Next_Steps_on_Fandom,internal_pool,https://fandom.com
https://community.fandom.com/wiki/Help:Your_Next_Steps_on_Fandom/Blog_Feed,internal_pool,https://fandom.com
https://community.fandom.com/wiki/LGBTQIA_Resources,internal_pool,https://fandom.com
https://community.fandom.com/wiki/Special:AllMaps,internal_pool,https://fandom.com
https://community.fandom.com/wiki/Special:AllPages,internal_pool,https://fandom.com
https://community.fandom.com/wiki/Special:Contact,internal_pool,https://fandom.com
https://community.fandom.com/wiki/Special:Forum,internal_pool,https://fandom.com
https://community.fandom.com/wiki/Special:UserRenameTool,internal_pool,https://fandom.com
https://community.fandom.com/wiki/User_blog:LucyKuranSKYDOME/Getting_Started_With_Joining_Wiki_Discussion,internal_pool,https://fandom.com
https://community.fandom.com/wiki/User_blog:Marphimon/Getting_Started_With_Contributing_to_Wikis,internal_pool,https://fandom.com
https://community.fandom.com/wiki/User_blog:Marphimon/Getting_Started_With_Fandom:_Signing_Up_%26_Personalization,internal_pool,https://fandom.com
https://createnewwiki-143.fandom.com/Special:CreateNewWiki,internal_pool,https://fandom.com
https://dcextendeduniverse.fandom.com/wiki/Harley_Quinn,internal_pool,https://fandom.com
https://disney.fandom.com/wiki/Disney_Princess,internal_pool,https://fandom.com
https://genshin-impact.fandom.com,internal_pool,https://fandom.com
https://gijoe.fandom.com/wiki/Snake-Eyes_(Movie),internal_pool,https://fandom.com
https://harrypotter.fandom.com,internal_pool,https://fandom.com
https://harrypotter.fandom.com/wiki/Harry_Potter,internal_pool,https://fandom.com
https://marvel.fandom.com,internal_pool,https://fandom.com
https://marvels-spider-man.fandom.com/wiki/Marvel%27s_Spider-Man:_Miles_Morales,internal_pool,https://fandom.com
https://matrix.fandom.com/wiki/Neo,internal_pool,https://fandom.com
https://memory-alpha.fandom.com,internal_pool,https://fandom.com
https://minecraft.fandom.com,internal_pool,https://fandom.com
https://monster-verse.fandom.com/wiki/Godzilla,internal_pool,https://fandom.com
https://monsterhunter.fandom.com/wiki/Rathalos,internal_pool,https://fandom.com
https://mortalkombat.fandom.com/wiki/Mileena,internal_pool,https://fandom.com
https://myheroacademia.fandom.com,internal_pool,https://fandom.com
https://naruto.fandom.com,internal_pool,https://fandom.com
https://onepiece.fandom.com,internal_pool,https://fandom.com
https://pokemon.fandom.com/wiki/Pikachu,internal_pool,https://fandom.com
https://sexeducation.fandom.com/wiki/Season_3,internal_pool,https://fandom.com
https://soap.fandom.com/wiki,internal_pool,https://fandom.com
https://soap.fandom.com/wiki/Report:Spam,internal_pool,https://fandom.com
https://soap.fandom.com/wiki/Report:Spam_filter_problems,internal_pool,https://fandom.com
https://soap.fandom.com/wiki/Report:Vandalism,internal_pool,https://fandom.com
https://soap.fandom.com/wiki/Report:Wiki,internal_pool,https://fandom.com
https://spongebob.fandom.com,internal_pool,https://fandom.com
https://spongebob.fandom.com/wiki/SpongeBob_SquarePants_(character),internal_pool,https://fandom.com
https://starwars.fandom.com,internal_pool,https://fandom.com
https://starwars.fandom.com/wiki/Ahsoka_Tano,internal_pool,https://fandom.com
https://starwars.fandom.com/wiki/Grogu,internal_pool,https://fandom.com
https://support.fandom.com/hc/articles/360021210554-I-want-to-offer-some-feedback,internal_pool,https://fandom.com
https://support.fandom.com/hc/articles/360021256554-How-do-I-use-Fandom-,internal_pool,https://fandom.com
https://support.fandom.com/hc/articles/360021261254-My-account-is-blocked,internal_pool,https://fandom.com
https://support.fandom.com/hc/articles/360021261554-I-have-found-a-bug,internal_pool,https://fandom.com
https://support.fandom.com/hc/articles/360021273034-I-have-a-problem-with-another-user,internal_pool,https://fandom.com
https://support.fandom.com/hc/articles/360021589413-I-want-a-feature-or-extension-turned-on,internal_pool,https://fandom.com
https://terraria.fandom.com,internal_pool,https://fandom.com
https://the-boys.fandom.com/wiki/Season_Three,internal_pool,https://fandom.com
https://thelastofus.fandom.com/wiki/Ellie,internal_pool,https://fandom.com
https://titans.fandom.com/wiki/Koriand'r,internal_pool,https://fandom.com
https://tombraider.fandom.com/wiki/Lara_Croft,internal_pool,https://fandom.com
https://uncharted.fandom.com/wiki/Nathan_Drake,internal_pool,https://fandom.com
https://witcher.fandom.com/wiki/Geralt_of_Rivia,internal_pool,https://fandom.com
https://www.fandom.com/Blog:Recent_posts,internal_pool,https://fandom.com
https://www.fandom.com/about,internal_pool,https://fandom.com
https://www.fandom.com/careers,internal_pool,https://fandom.com
https://www.fandom.com/digital-services-act,internal_pool,https://fandom.com
https://www.fandom.com/essentials,internal_pool,https://fandom.com
https://www.fandom.com/explore,internal_pool,https://fandom.com
https://www.fandom.com/f,internal_pool,https://fandom.com
https://www.fandom.com/my-fandom,internal_pool,https://fandom.com
https://www.fandom.com/press,internal_pool,https://fandom.com
https://www.fandom.com/privacy-policy,internal_pool,https://fandom.com
https://www.fandom.com/progress,internal_pool,https://fandom.com
https://www.fandom.com/saved,internal_pool,https://fandom.com
https://www.fandom.com/terms-of-use,internal_pool,https://fandom.com
https://www.fandom.com/topics/games,internal_pool,https://fandom.com
https://www.fandom.com/topics/movies,internal_pool,https://fandom.com
https://www.fandom.com/topics/tv,internal_pool,https://fandom.com
https://www.fandom.com/video,internal_pool,https://fandom.com
https://www.fandom.com/what-is-fandom,internal_pool,https://fandom.com
https://zelda.fandom.com/wiki/Link,internal_pool,https://fandom.com
https://globo.com,homepage,https://globo.com
http://app.globoesporte.globo.com/futebol/publico-no-brasil/index.html,internal_pool,https://globo.com
http://casavogue.globo.com,internal_pool,https://globo.com
http://combate.globo.com,internal_pool,https://globo.com
http://epocanegocios.globo.com,internal_pool,https://globo.com
http://especiais.g1.globo.com/newsletter,internal_pool,https://globo.com
http://extra.globo.com,internal_pool,https://globo.com
http://fantastico.globo.com,internal_pool,https://globo.com
http://g1.globo.com/bom-dia-brasil,internal_pool,https://globo.com
http://g1.globo.com/globo-reporter,internal_pool,https://globo.com
http://g1.globo.com/hora1,internal_pool,https://globo.com
http://g1.globo.com/jornal-da-globo,internal_pool,https://globo.com
http://g1.globo.com/jornal-hoje,internal_pool,https://globo.com
http://g1.globo.com/jornal-nacional,internal_pool,https://globo.com
http://g1.globo.com/principios-editoriais-do-grupo-globo.html,internal_pool,https://globo.com
http://globoesporte.globo.com/atletismo,internal_pool,https://globo.com
http://globoesporte.globo.com/basquete,internal_pool,https://globo.com
http://globoesporte.globo.com/basquete/nbb,internal_pool,https://globo.com
http://globoesporte.globo.com/cartola-fc,internal_pool,https://globo.com
http://globoesporte.globo.com/futebol/brasileirao-serie-a,internal_pool,https://globo.com
http://globoesporte.globo.com/futebol/brasileirao-serie-b,internal_pool,https://globo.com
http://globoesporte.globo.com/futebol/copa-do-mundo/index.html,internal_pool,https://globo.com
http://globoesporte.globo.com/futebol/copa-sul-americana/index.html,internal_pool,https://globo.com
http://globoesporte.globo.com/mg/futebol/campeonato-mineiro/index.html,internal_pool,https://globo.com
http://globoesporte.globo.com/programas/esporte-espetacular,internal_pool,https://globo.com
http://globoesporte.globo.com/rj/futebol/campeonato-carioca/index.html,internal_pool,https://globo.com
http://globoesporte.globo.com/rs/futebol/campeonato-gaucho/index.html,internal_pool,https://globo.com
http://globoesporte.globo.com/sp/futebol/campeonato-paulista/index.html,internal_pool,https://globo.com
http://globofilmes.globo.com,internal_pool,https://globo.com
http://gnt.globo.com,internal_pool,https://globo.com
http://gq.globo.com,internal_pool,https://globo.com
http://grupoglobo.globo.com,internal_pool,https://globo.com
http://gshow.globo.com,internal_pool,https://globo.com
http://multishow.globo.com,internal_pool,https://globo.com
http://mundogloob.globo.com,internal_pool,https://globo.com
http://oglobo.globo.com,internal_pool,https://globo.com
http://radioglobo.globo.com,internal_pool,https://globo.com
http://revistacasaejardim.globo.com,internal_pool,https://globo.com
http://revistacrescer.globo.com,internal_pool,https://globo.com
http://revistaepoca.globo.com,internal_pool,https://globo.com
http://revistagalileu.globo.com,internal_pool,https://globo.com
http://revistaglamour.globo.com,internal_pool,https://globo.com
http://revistagloborural.globo.com,internal_pool,https://globo.com
http://revistamarieclaire.globo.com,internal_pool,https://globo.com
http://revistamonet.globo.com,internal_pool,https://globo.com
http://revistapegn.globo.com,internal_pool,https://globo.com
http://revistaquem.globo.com,internal_pool,https://globo.com
http://somos.globo.com,internal_pool,https://globo.com
http://vogue.globo.com,internal_pool,https://globo.com
https://ajuda.globo.com,internal_pool,https://globo.com
https://autoesporte.globo.com,internal_pool,https://globo.com
https://bhfm.globo.com,internal_pool,https://globo.com
https://canaisglobo.globo.com,internal_pool,https://globo.com
https://canaloff.globo.com,internal_pool,https://globo.com
https://cbn.globoradio.globo.com,internal_pool,https://globo.com
https://conta.globo.com,internal_pool,https://globo.com
https://extra.globo.com,internal_pool,https://globo.com
https://extra.globo.com/entretenimento/noticia/2026/05/rui-rezende-o-lobisomen-de-roque-santeiro-diz-que-se-sentia-como-o-personagem-nao-fiz-amigos.ghtml,internal_pool,https://globo.com
https://forum.techtudo.globo.com,internal_pool,https://globo.com
https://g1.globo.com,internal_pool,https://globo.com
https://g1.globo.com/ac/acre,internal_pool,https://globo.com
https://g1.globo.com/al/alagoas,internal_pool,https://globo.com
https://g1.globo.com/am/amazonas,internal_pool,https://globo.com
https://g1.globo.com/ap/amapa,internal_pool,https://globo.com
https://g1.globo.com/ba/bahia,internal_pool,https://globo.com
https://g1.globo.com/ba/bahia/noticia/2026/05/16/imovel-desaba-em-salvador.ghtml,internal_pool,https://globo.com
https://g1.globo.com/ba/bahia/noticia/2026/05/17/sobrevivente-de-desabamento-de-predio-na-ba-tentou-segurar-a-parede.ghtml,internal_pool,https://globo.com
https://g1.globo.com/bemestar,internal_pool,https://globo.com
https://g1.globo.com/bom-dia-brasil,internal_pool,https://globo.com
https://g1.globo.com/ce/ceara,internal_pool,https://globo.com
https://g1.globo.com/ciencia,internal_pool,https://globo.com
https://g1.globo.com/df/distrito-federal,internal_pool,https://globo.com
https://g1.globo.com/economia,internal_pool,https://globo.com
https://g1.globo.com/economia/noticia/2026/05/17/bolsa-familia-aplicativo-ganhara-novas-funcoes-a-partir-desta-segunda-veja-detalhes.ghtml,internal_pool,https://globo.com
https://g1.globo.com/economia/pme/pequenas-empresas-grandes-negocios,internal_pool,https://globo.com
https://g1.globo.com/economia/tecnologia,internal_pool,https://globo.com
https://g1.globo.com/educacao,internal_pool,https://globo.com
https://g1.globo.com/empreendedorismo,internal_pool,https://globo.com
https://g1.globo.com/empreendedorismo/guia-do-empreendedor/noticia/2026/05/17/entenda-por-que-bolo-pudim-virou-febre.ghtml,internal_pool,https://globo.com
https://g1.globo.com/es/espirito-santo,internal_pool,https://globo.com
https://g1.globo.com/especiais/guia-de-compras,internal_pool,https://globo.com
https://g1.globo.com/fantastico,internal_pool,https://globo.com
https://g1.globo.com/fato-ou-fake,internal_pool,https://globo.com
https://g1.globo.com/g1-em-1-minuto/playlist/videos-g1-em-1-minuto.ghtml,internal_pool,https://globo.com
https://g1.globo.com/globo-reporter,internal_pool,https://globo.com
https://g1.globo.com/globonews,internal_pool,https://globo.com
https://g1.globo.com/go/goias,internal_pool,https://globo.com
https://g1.globo.com/go/goias/noticia/2026/05/17/de-lobo-guara-a-oncas-santuario-em-que-menina-foi-atacada-durante-trilha-registra-videos-de-animais-em-meio-a-natureza.ghtml,internal_pool,https://globo.com
https://g1.globo.com/guia/guia-de-compras,internal_pool,https://globo.com
https://g1.globo.com/hora1,internal_pool,https://globo.com
https://g1.globo.com/inovacao,internal_pool,https://globo.com
https://g1.globo.com/jogos,internal_pool,https://globo.com
https://g1.globo.com/jogos/soletra,internal_pool,https://globo.com
https://g1.globo.com/jornal-da-globo,internal_pool,https://globo.com
https://g1.globo.com/jornal-hoje,internal_pool,https://globo.com
https://g1.globo.com/jornal-nacional,internal_pool,https://globo.com
https://g1.globo.com/loterias,internal_pool,https://globo.com
https://g1.globo.com/loterias/mega-sena/noticia/2026/05/16/mega-sena-concurso-3009-resultado.ghtml,internal_pool,https://globo.com
https://g1.globo.com/ma/maranhao,internal_pool,https://globo.com
https://g1.globo.com/meio-ambiente,internal_pool,https://globo.com
https://g1.globo.com/mg/minas-gerais,internal_pool,https://globo.com
https://g1.globo.com/mg/sul-de-minas/noticia/2026/05/17/e-uma-mina-no-quintal-terras-raras-dividem-opiniao-de-moradores-no-sul-de-mg.ghtml,internal_pool,https://globo.com
https://g1.globo.com/ms/mato-grosso-do-sul,internal_pool,https://globo.com
https://g1.globo.com/mt/mato-grosso,internal_pool,https://globo.com
https://g1.globo.com/mundo,internal_pool,https://globo.com
https://g1.globo.com/mundo/noticia/2026/05/17/ameacas-drones-de-vigilancia-e-visita-da-cia-5-sinais-de-que-cuba-entrou-de-vez-no-radar-dos-eua.ghtml,internal_pool,https://globo.com
https://g1.globo.com/mundo/noticia/2026/05/17/criancas-soldado-do-sudao-viralizam-no-tiktok-recrutar-menores-para-conflito-e-crime-de-guerra.ghtml,internal_pool,https://globo.com
https://g1.globo.com/olha-que-legal,internal_pool,https://globo.com
https://g1.globo.com/pa/para,internal_pool,https://globo.com
https://g1.globo.com/pa/para/noticia/2026/05/16/piloto-de-aviao-que-caiu-em-benevides-e-encontrado-com-vida-apos-mais-de-24-horas-de-buscas.ghtml,internal_pool,https://globo.com
https://g1.globo.com/pb/paraiba,internal_pool,https://globo.com
https://g1.globo.com/pe/pernambuco,internal_pool,https://globo.com
https://g1.globo.com/pi/piaui,internal_pool,https://globo.com
https://g1.globo.com/planeta-bizarro,internal_pool,https://globo.com
https://g1.globo.com/podcast,internal_pool,https://globo.com
https://g1.globo.com/politica,internal_pool,https://globo.com
https://g1.globo.com/politica/noticia/2026/05/16/foragido-de-operacao-sobre-o-master-e-preso-em-dubai-informa-a-pf.ghtml,internal_pool,https://globo.com
https://g1.globo.com/politica/noticia/2026/05/16/joaquim-barbosa-se-filia-ao-dc-e-deve-disputar-a-presidencia-da-republica.ghtml,internal_pool,https://globo.com
https://g1.globo.com/politica/noticia/2026/05/17/fim-da-taxa-das-blusinhas-e-primeira-reacao-do-governo-as-derrotas-recentes-no-congresso.ghtml,internal_pool,https://globo.com
https://g1.globo.com/pop-arte,internal_pool,https://globo.com
https://g1.globo.com/pr/parana,internal_pool,https://globo.com
https://g1.globo.com/previsao-do-tempo,internal_pool,https://globo.com
https://g1.globo.com/profissao-reporter,internal_pool,https://globo.com
https://g1.globo.com/rj/rio-de-janeiro,internal_pool,https://globo.com
https://g1.globo.com/rn/rio-grande-do-norte,internal_pool,https://globo.com
https://g1.globo.com/ro/rondonia,internal_pool,https://globo.com
https://g1.globo.com/rr/roraima,internal_pool,https://globo.com
https://g1.globo.com/rs/rio-grande-do-sul,internal_pool,https://globo.com
https://g1.globo.com/rs/rio-grande-do-sul/noticia/2026/05/17/cavalo-caramelo-vai-ganhar-estatua-de-4m-em-um-dos-municipios-mais-atingidos-pela-enchente-do-rs.ghtml,internal_pool,https://globo.com
https://g1.globo.com/rs/rio-grande-do-sul/noticia/2026/05/17/colegas-faculdade-recebem-surpresa-aluno-superdotado-12-anos-primeira-aula.ghtml,internal_pool,https://globo.com
https://g1.globo.com/rs/rio-grande-do-sul/noticia/2026/05/17/galinhas-ovelhas-patos-bia-menina-2-anos-cresce-cercada-bichos.ghtml,internal_pool,https://globo.com
https://g1.globo.com/saude,internal_pool,https://globo.com
https://g1.globo.com/sc/santa-catarina,internal_pool,https://globo.com
https://g1.globo.com/sc/santa-catarina/noticia/2026/05/16/video-cardume-mais-de-2-km-tainhas-laguna.ghtml,internal_pool,https://globo.com
https://g1.globo.com/se/sergipe,internal_pool,https://globo.com
https://g1.globo.com/sp/ribeirao-preto-franca/noticia/2026/05/16/brasileira-encara-rotina-extrema-de-kung-fu-na-china-e-viraliza-com-corpo-de-ferro-video.ghtml,internal_pool,https://globo.com
https://g1.globo.com/sp/santos-regiao/noticia/2026/05/16/homens-sao-presos-por-exploracao-sexual-de-adolescentes-em-troca-de-bens-materiais-em-sp.ghtml,internal_pool,https://globo.com
https://g1.globo.com/sp/sao-paulo,internal_pool,https://globo.com
https://g1.globo.com/sp/sorocaba-jundiai/noticia/2026/05/16/arte-que-cura-projeto-usa-pintura-para-reabilitar-pacientes-em-sorocaba.ghtml,internal_pool,https://globo.com
https://g1.globo.com/to/tocantins,internal_pool,https://globo.com
https://g1.globo.com/trabalho-e-carreira,internal_pool,https://globo.com
https://g1.globo.com/turismo-e-viagem,internal_pool,https://globo.com
https://ge.globo.com,internal_pool,https://globo.com
https://ge.globo.com/agenda,internal_pool,https://globo.com
https://ge.globo.com/basquete/nba,internal_pool,https://globo.com
https://ge.globo.com/cartola,internal_pool,https://globo.com
https://ge.globo.com/combate/noticia/2026/05/16/cubano-nocauteia-junior-cigano-no-primeiro-round-de-rousey-x-carano.ghtml,internal_pool,https://globo.com
https://ge.globo.com/combate/noticia/2026/05/16/ufc-anuncia-retorno-de-mcgregor-em-revanche-contra-holloway.ghtml,internal_pool,https://globo.com
https://ge.globo.com/combate/noticia/2026/05/17/ronda-rousey-atropela-e-finaliza-gina-carano-com-17s-em-retorno-das-lendas-do-mma-feminino.ghtml,internal_pool,https://globo.com
https://ge.globo.com/fisiculturismo/noticia/2026/05/10/fisiculturista-colombiano-inova-em-pose-durante-campeonato-e-repercute-nas-redes-obra-de-arte.ghtml,internal_pool,https://globo.com
https://ge.globo.com/fisiculturismo/noticia/2026/05/17/loira-do-sul-conquista-2o-titulo-seguido-nos-eua-brandao-fica-fora-do-podio-no-pittsburgh-pro.ghtml,internal_pool,https://globo.com
https://ge.globo.com/futebol/brasileirao-serie-a,internal_pool,https://globo.com
https://ge.globo.com/futebol/copa-do-mundo/noticia/2026/05/17/aos-40-neuer-tem-acordo-com-tecnico-da-alemanha-e-voltara-a-selecao-para-a-copa-do-mundo.ghtml,internal_pool,https://globo.com
https://ge.globo.com/futebol/copa-do-nordeste,internal_pool,https://globo.com
https://ge.globo.com/futebol/futebol-internacional/futebol-saudita/noticia/2026/05/16/al-hilal-vence-no-saudita-e-decidira-titulo-na-ultima-rodada-al-nassr-segue-lider.ghtml,internal_pool,https://globo.com
https://ge.globo.com/futebol/futebol-internacional/noticia/2026/05/17/jose-mourinho-admite-que-ha-contatos-com-real-madrid-e-decidira-futuro-na-proxima-semana.ghtml,internal_pool,https://globo.com
https://ge.globo.com/futebol/futebol-internacional/noticia/2026/05/17/otamendi-vai-deixar-o-benfica-para-reforcar-o-river-plate-apos-a-copa-diz-jornal.ghtml,internal_pool,https://globo.com
https://ge.globo.com/futebol/libertadores,internal_pool,https://globo.com
https://ge.globo.com/futebol/noticia/2026/05/16/a-historia-do-ex-flamengo-que-recusou-festas-de-ronaldinho-e-foi-suspenso-por-passaporte-falso.ghtml,internal_pool,https://globo.com
https://ge.globo.com/futebol/times/atletico-mg/noticia/2026/05/17/analise-atletico-mg-volta-a-ser-protagonista-em-casa-e-se-reabilita-no-brasileiro.ghtml,internal_pool,https://globo.com
https://ge.globo.com/futebol/times/cruzeiro/noticia/2026/05/17/analise-seguro-cruzeiro-supera-barreiras-e-mostra-real-prateleira-com-atuacao-diante-do-palmeiras.ghtml,internal_pool,https://globo.com
https://ge.globo.com/futebol/times/flamengo/noticia/2026/05/16/site-antecipa-nova-terceira-camisa-do-flamengo-para-2026-veja-imagem.ghtml,internal_pool,https://globo.com
https://ge.globo.com/futebol/times/fluminense/noticia/2026/05/17/analise-fluminense-faz-as-pazes-com-a-torcida-e-ganha-confianca-para-decisao.ghtml,internal_pool,https://globo.com
https://ge.globo.com/futebol/times/palmeiras/noticia/2026/05/17/analise-lider-palmeiras-empata-em-casa-e-vive-pesadelo-com-novas-lesoes.ghtml,internal_pool,https://globo.com
https://ge.globo.com/futebol/times/sao-paulo/noticia/2026/05/17/analise-derrota-para-o-fluminense-expoe-os-problemas-que-dorival-vai-precisar-resolver-no-sao-paulo.ghtml,internal_pool,https://globo.com
https://ge.globo.com/futebol/times/vasco/noticia/2026/05/17/analise-vexame-do-vasco-em-goleada-e-reflexo-das-insistencias-de-renato-e-do-desequilibrio-do-elenco.ghtml,internal_pool,https://globo.com
https://ge.globo.com/gato-mestre,internal_pool,https://globo.com
https://ge.globo.com/ge-fast/ao-vivo/ge-fast-assista-agora-ao-canal-com-24-horas-de-esporte.ghtml,internal_pool,https://globo.com
https://ge.globo.com/pr/futebol/brasileirao-serie-a/noticia/2026/05/17/athletico-x-flamengo-onde-assistir-ao-vivo-horario-e-escalacoes.ghtml,internal_pool,https://globo.com
https://ge.globo.com/pr/futebol/brasileirao-serie-a/noticia/2026/05/17/athletico-x-flamengo-viveros-e-pedro-travam-duelo-a-parte-entre-artilheiros-do-brasileirao.ghtml,internal_pool,https://globo.com
https://ge.globo.com/rs/futebol/times/internacional/noticia/2026/05/17/analise-inter-estreia-uniforme-alusivo-a-2006-e-goleia-com-trio-de-ferro-como-protagonista.ghtml,internal_pool,https://globo.com
https://ge.globo.com/skate,internal_pool,https://globo.com
https://ge.globo.com/sp/santos-e-regiao/futebol/times/santos/noticia/2026/05/12/colecao-de-motos-ferrari-e-brinquedoteca-gigante-neymar-abre-mansao-em-santos.ghtml,internal_pool,https://globo.com
https://ge.globo.com/sp/tem-esporte/futebol/brasileirao-serie-d/noticia/2026/05/16/massagista-denuncia-caso-de-racismo-e-cai-no-choro-em-jogo-da-serie-d.ghtml,internal_pool,https://globo.com
https://ge.globo.com/surfe/wsl/noticia/2026/05/16/atual-campeao-mundial-yago-dora-vence-na-estreia-em-raglan-e-avanca-as-oitavas-de-final.ghtml,internal_pool,https://globo.com
https://ge.globo.com/volei,internal_pool,https://globo.com
https://globoesporte.globo.com,internal_pool,https://globo.com
https://globoesporte.globo.com/ba/futebol/times/bahia,internal_pool,https://globo.com
https://globoesporte.globo.com/ce/futebol/times/ceara,internal_pool,https://globo.com
https://globoesporte.globo.com/ce/futebol/times/fortaleza,internal_pool,https://globo.com
https://globoesporte.globo.com/combate,internal_pool,https://globo.com
https://globoesporte.globo.com/esports,internal_pool,https://globo.com
https://globoesporte.globo.com/eu-atleta,internal_pool,https://globo.com
https://globoesporte.globo.com/futebol,internal_pool,https://globo.com
https://globoesporte.globo.com/futebol/brasileirao-serie-a,internal_pool,https://globo.com
https://globoesporte.globo.com/futebol/brasileirao-serie-b,internal_pool,https://globo.com
https://globoesporte.globo.com/futebol/copa-america,internal_pool,https://globo.com
https://globoesporte.globo.com/futebol/copa-do-brasil,internal_pool,https://globo.com
https://globoesporte.globo.com/futebol/copa-sul-americana,internal_pool,https://globo.com
https://globoesporte.globo.com/futebol/futebol-internacional,internal_pool,https://globo.com
https://globoesporte.globo.com/futebol/futebol-internacional/liga-dos-campeoes,internal_pool,https://globo.com
https://globoesporte.globo.com/futebol/libertadores,internal_pool,https://globo.com
https://globoesporte.globo.com/futebol/selecao-brasileira,internal_pool,https://globo.com
https://globoesporte.globo.com/futebol/times/america-mg,internal_pool,https://globo.com
https://globoesporte.globo.com/futebol/times/atletico-mg,internal_pool,https://globo.com
https://globoesporte.globo.com/futebol/times/botafogo,internal_pool,https://globo.com
https://globoesporte.globo.com/futebol/times/corinthians,internal_pool,https://globo.com
https://globoesporte.globo.com/futebol/times/cruzeiro,internal_pool,https://globo.com
https://globoesporte.globo.com/futebol/times/flamengo,internal_pool,https://globo.com
https://globoesporte.globo.com/futebol/times/fluminense,internal_pool,https://globo.com
https://globoesporte.globo.com/futebol/times/palmeiras,internal_pool,https://globo.com
https://globoesporte.globo.com/futebol/times/sao-paulo,internal_pool,https://globo.com
https://globoesporte.globo.com/futebol/times/vasco,internal_pool,https://globo.com
https://globoesporte.globo.com/futsal,internal_pool,https://globo.com
https://globoesporte.globo.com/go/futebol/times/atletico-go,internal_pool,https://globo.com
https://globoesporte.globo.com/loja/premiere,internal_pool,https://globo.com
https://globoesporte.globo.com/motor/formula-1,internal_pool,https://globo.com
https://globoesporte.globo.com/mt/futebol/times/cuiaba,internal_pool,https://globo.com
https://globoesporte.globo.com/olimpiadas,internal_pool,https://globo.com
https://globoesporte.globo.com/pe/futebol/times/sport,internal_pool,https://globo.com
https://globoesporte.globo.com/pr/futebol/times/athletico-pr,internal_pool,https://globo.com
https://globoesporte.globo.com/radicais/surfe,internal_pool,https://globo.com
https://globoesporte.globo.com/rs/futebol/times/gremio,internal_pool,https://globo.com
https://globoesporte.globo.com/rs/futebol/times/internacional,internal_pool,https://globo.com
https://globoesporte.globo.com/rs/futebol/times/juventude,internal_pool,https://globo.com
https://globoesporte.globo.com/sc/futebol/times/chapecoense,internal_pool,https://globo.com
https://globoesporte.globo.com/sp/santos-e-regiao/futebol/times/santos,internal_pool,https://globo.com
https://globoesporte.globo.com/sp/vale-do-paraiba-regiao/futebol/times/bragantino,internal_pool,https://globo.com
https://globoesporte.globo.com/sportv,internal_pool,https://globo.com
https://globoesporte.globo.com/tenis,internal_pool,https://globo.com
https://globoplay.globo.com,internal_pool,https://globo.com
https://globoplay.globo.com/canais,internal_pool,https://globo.com
https://globoplay.globo.com/canais/bis,internal_pool,https://globo.com
https://globoplay.globo.com/canais/canal-brasil,internal_pool,https://globo.com
https://globoplay.globo.com/canais/canal-off,internal_pool,https://globo.com
https://globoplay.globo.com/canais/combate,internal_pool,https://globo.com
https://globoplay.globo.com/canais/flatvmais,internal_pool,https://globo.com
https://globoplay.globo.com/canais/franquias-e-spin-offs,internal_pool,https://globo.com
https://globoplay.globo.com/canais/futura,internal_pool,https://globo.com
https://globoplay.globo.com/canais/globonews,internal_pool,https://globo.com
https://globoplay.globo.com/canais/gloobinho,internal_pool,https://globo.com
https://globoplay.globo.com/canais/megapix,internal_pool,https://globo.com
https://globoplay.globo.com/canais/modo-viagem,internal_pool,https://globo.com
https://globoplay.globo.com/canais/premiere,internal_pool,https://globo.com
https://globoplay.globo.com/canais/sagas,internal_pool,https://globo.com
https://globoplay.globo.com/canais/telecine,internal_pool,https://globo.com
https://globoplay.globo.com/canais/universal,internal_pool,https://globo.com
https://globoplay.globo.com/canais/viva,internal_pool,https://globo.com
https://globoplay.globo.com/categorias/big-brother-brasil,internal_pool,https://globo.com
https://globoplay.globo.com/categorias/consciencia-negra,internal_pool,https://globo.com
https://globoplay.globo.com/categorias/dia-da-mulher,internal_pool,https://globo.com
https://globoplay.globo.com/categorias/documentarios,internal_pool,https://globo.com
https://globoplay.globo.com/categorias/especiais,internal_pool,https://globo.com
https://globoplay.globo.com/categorias/esportes,internal_pool,https://globo.com
https://globoplay.globo.com/categorias/infantil,internal_pool,https://globo.com
https://globoplay.globo.com/categorias/jornalismo,internal_pool,https://globo.com
https://globoplay.globo.com/categorias/novelas,internal_pool,https://globo.com
https://globoplay.globo.com/categorias/novidades,internal_pool,https://globo.com
https://globoplay.globo.com/categorias/originais-globoplay,internal_pool,https://globo.com
https://globoplay.globo.com/categorias/reality-shows,internal_pool,https://globo.com
https://globoplay.globo.com/categorias/series,internal_pool,https://globo.com
https://globoplay.globo.com/categorias/series-filmes-documentarios-lgbt,internal_pool,https://globo.com
https://globoplay.globo.com/categorias/top-10,internal_pool,https://globo.com
https://globoplay.globo.com/categorias/variedades,internal_pool,https://globo.com
https://globoplay.globo.com/cinema,internal_pool,https://globo.com
https://globoplay.globo.com/gnt/ao-vivo/7339128,internal_pool,https://globo.com
https://globoplay.globo.com/multishow/ao-vivo/7339131,internal_pool,https://globo.com
https://globoplay.globo.com/sportv/ao-vivo/7339108,internal_pool,https://globo.com
https://globoplay.globo.com/tv-globo/ao-vivo/6120663,internal_pool,https://globo.com
https://globoplay.globo.com/v/14241099,internal_pool,https://globo.com
https://globoplay.globo.com/v/14241168,internal_pool,https://globo.com
https://globoplay.globo.com/v/14241639,internal_pool,https://globo.com
https://globoplay.globo.com/v/14245142,internal_pool,https://globo.com
https://globoplay.globo.com/v/14245223,internal_pool,https://globo.com
https://globopop.globo.com,internal_pool,https://globo.com
https://globorural.globo.com,internal_pool,https://globo.com
https://globotech.globo.com,internal_pool,https://globo.com
https://globoventures.globo.com,internal_pool,https://globo.com
https://gq.globo.com/artes-e-cultura/noticia/2026/05/astro-de-24-horas-e-musico-kiefer-sutherland-nao-consegue-vender-ingressos-para-turne-e-cancela-parte-dos-shows.ghtml,internal_pool,https://globo.com
https://gshow.globo.com,internal_pool,https://globo.com
https://gshow.globo.com/carnaval,internal_pool,https://globo.com
https://gshow.globo.com/comportamento,internal_pool,https://globo.com
https://gshow.globo.com/comportamento/beleza,internal_pool,https://globo.com
https://gshow.globo.com/comportamento/maternidade,internal_pool,https://globo.com
https://gshow.globo.com/comportamento/moda,internal_pool,https://globo.com
https://gshow.globo.com/comportamento/moda/noticia/apos-flagra-com-mao-ensanguentada-shawn-mendes-aparece-com-dedo-enfaixado-em-desfile-da-gucci.ghtml,internal_pool,https://globo.com
https://gshow.globo.com/comportamento/moda/noticia/tom-brady-usa-look-de-couro-para-desfilar-na-times-square-em-nova-york.ghtml,internal_pool,https://globo.com
https://gshow.globo.com/comportamento/saude,internal_pool,https://globo.com
https://gshow.globo.com/comportamento/sexualidade,internal_pool,https://globo.com
https://gshow.globo.com/cultura-pop,internal_pool,https://globo.com
https://gshow.globo.com/cultura-pop/famosos,internal_pool,https://globo.com
https://gshow.globo.com/cultura-pop/famosos/noticia/apos-termino-vini-jr-curte-post-de-virginia-em-look-combinando-com-as-filhas.ghtml,internal_pool,https://globo.com
https://gshow.globo.com/cultura-pop/famosos/noticia/ricky-martin-grava-clipe-de-musica-inedita-com-luan-santana-em-show-no-rio-de-janeiro.ghtml,internal_pool,https://globo.com
https://gshow.globo.com/cultura-pop/filmes,internal_pool,https://globo.com
https://gshow.globo.com/cultura-pop/musica,internal_pool,https://globo.com
https://gshow.globo.com/cultura-pop/series,internal_pool,https://globo.com
https://gshow.globo.com/cultura-pop/viralizou,internal_pool,https://globo.com
https://gshow.globo.com/festivais,internal_pool,https://globo.com
https://gshow.globo.com/globoplay,internal_pool,https://globo.com
https://gshow.globo.com/globoplay/noticia/anita-harley-marielle-e-mais-documentarios-sobre-investigacoes-e-crimes-reais-no-globoplay.ghtml,internal_pool,https://globo.com
https://gshow.globo.com/globoplay/noticia/os-melhores-filmes-de-cao-com-cenas-de-tirar-o-folego-para-assistir-no-globoplay.ghtml,internal_pool,https://globo.com
https://gshow.globo.com/gnt,internal_pool,https://globo.com
https://gshow.globo.com/horoscopo-etc,internal_pool,https://globo.com
https://gshow.globo.com/multishow,internal_pool,https://globo.com
https://gshow.globo.com/novelas,internal_pool,https://globo.com
https://gshow.globo.com/novelas/a-nobreza-do-amor/vem-por-ai/noticia/a-nobreza-do-amor-pascoal-aceita-proposta-de-jendal-mas-dumi-se-antecipa.ghtml,internal_pool,https://globo.com
https://gshow.globo.com/novelas/coracao-acelerado,internal_pool,https://globo.com
https://gshow.globo.com/novelas/coracao-acelerado/vem-por-ai/noticia/em-coracao-acelerado-janete-ve-alaorzinho-aos-beijos-com-alana.ghtml,internal_pool,https://globo.com
https://gshow.globo.com/novelas/garota-do-momento,internal_pool,https://globo.com
https://gshow.globo.com/novelas/mania-de-voce,internal_pool,https://globo.com
https://gshow.globo.com/novelas/quem-ama-cuida/vem-por-ai/noticia/no-primeiro-capitulo-de-quem-ama-cuida-vila-arma-golpe-contra-irmao-milionario.ghtml,internal_pool,https://globo.com
https://gshow.globo.com/novelas/resumo/semana,internal_pool,https://globo.com
https://gshow.globo.com/novelas/tres-gracas,internal_pool,https://globo.com
https://gshow.globo.com/novelas/tres-gracas/noticia/tres-vestidos-100-figurantes-e-muita-acao-veja-os-bastidores-do-casamento-de-gerluce-e-paulinho-no-ultimo-capitulo-de-tres-gracas.ghtml,internal_pool,https://globo.com
https://gshow.globo.com/novelas/volta-por-cima,internal_pool,https://globo.com
https://gshow.globo.com/realities,internal_pool,https://globo.com
https://gshow.globo.com/realities/bbb,internal_pool,https://globo.com
https://gshow.globo.com/realities/estrela-da-casa,internal_pool,https://globo.com
https://gshow.globo.com/realities/estrelas-da-casa,internal_pool,https://globo.com
https://gshow.globo.com/realities/the-masked-singer-brasil,internal_pool,https://globo.com
https://gshow.globo.com/tv,internal_pool,https://globo.com
https://gshow.globo.com/tv/altas-horas,internal_pool,https://globo.com
https://gshow.globo.com/tv/caldeirao,internal_pool,https://globo.com
https://gshow.globo.com/tv/domingao-com-huck,internal_pool,https://globo.com
https://gshow.globo.com/tv/e-de-casa,internal_pool,https://globo.com
https://gshow.globo.com/tv/em-familia-com-eliana,internal_pool,https://globo.com
https://gshow.globo.com/tv/encontro-com-patricia-poeta,internal_pool,https://globo.com
https://gshow.globo.com/tv/mais-voce,internal_pool,https://globo.com
https://gshow.globo.com/tv/viver-sertanejo,internal_pool,https://globo.com
https://gshow.globo.com/videos,internal_pool,https://globo.com
https://historia.globo.com,internal_pool,https://globo.com
https://horoscopo.gshow.globo.com,internal_pool,https://globo.com
https://horoscopo.gshow.globo.com/signos/aries,internal_pool,https://globo.com
https://interativos.ge.globo.com/tabelas,internal_pool,https://globo.com
https://interativos.globoesporte.globo.com/futebol/mercado/vai-e-vem/vai-e-vem-do-mercado-2020,internal_pool,https://globo.com
https://interativos.globoesporte.globo.com/futebol/rotatividade-dos-tecnicos,internal_pool,https://globo.com
https://login.globo.com/termosUso/6870,internal_pool,https://globo.com
https://memoriaglobo.globo.com,internal_pool,https://globo.com
https://minhaconta.globo.com,internal_pool,https://globo.com
https://oglobo.globo.com,internal_pool,https://globo.com
https://oglobo.globo.com/brasil/noticia/2026/05/17/com-cachorro-crente-e-x-uncao-lanchonetes-e-restaurantes-viram-point-de-evangelicos-no-pos-culto.ghtml,internal_pool,https://globo.com
https://oglobo.globo.com/economia/noticia/2026/05/16/executivo-chileno-e-detido-por-racismo-em-voo-e-e-afastado-da-empresa.ghtml,internal_pool,https://globo.com
https://oglobo.globo.com/economia/noticia/2026/05/17/casal-de-idosos-ensina-os-60-a-se-aventurarem-no-mundo-digital-e-faz-sucesso-nas-redes.ghtml,internal_pool,https://globo.com
https://oglobo.globo.com/economia/noticia/2026/05/17/combustivel-sobe-mesmo-com-subsidio-puxa-inflacao-e-vira-obstaculo-para-corte-de-juro.ghtml,internal_pool,https://globo.com
https://oglobo.globo.com/economia/noticia/2026/05/17/o-empresario-que-vendeu-companhia-e-deixou-r-12-bilhao-para-seus-funcionarios.ghtml,internal_pool,https://globo.com
https://oglobo.globo.com/economia/tecnologia/noticia/2026/05/17/como-a-anthropic-se-tornou-a-principal-empresa-de-ia-do-mundo-entenda-em-cinco-graficos.ghtml,internal_pool,https://globo.com
https://oglobo.globo.com/ela/noticia/2026/05/17/o-que-a-geracao-z-procura-no-amor-pesquisa-revela-mudanca-no-comportamento-afetivo.ghtml,internal_pool,https://globo.com
https://oglobo.globo.com/ela/noticia/2026/05/17/o-que-e-hair-longevity-conceito-cresce-entre-quem-busca-fios-saudaveis-por-mais-tempo.ghtml,internal_pool,https://globo.com
https://oglobo.globo.com/mundo/noticia/2026/05/16/venezuela-deporta-para-os-eua-empresario-acusado-de-ser-testa-de-ferro-de-maduro.ghtml,internal_pool,https://globo.com
https://oglobo.globo.com/politica/noticia/2026/05/17/caso-master-novas-omissoes-concorrencia-e-prisao-do-pai-poem-em-xeque-delacao-premiada-de-vorcaro.ghtml,internal_pool,https://globo.com
https://privacidade.globo.com,internal_pool,https://globo.com
https://privacidade.globo.com/privacy-policy,internal_pool,https://globo.com
https://radioglobo.globo.com,internal_pool,https://globo.com
https://receitas.globo.com,internal_pool,https://globo.com
https://receitas.globo.com/ana-maria-braga,internal_pool,https://globo.com
https://receitas.globo.com/blog/alimentacao-e-saude,internal_pool,https://globo.com
https://receitas.globo.com/blog/dicas-e-tecnicas,internal_pool,https://globo.com
https://receitas.globo.com/datas-comemorativas/festa-junina,internal_pool,https://globo.com
https://receitas.globo.com/datas-comemorativas/natal,internal_pool,https://globo.com
https://receitas.globo.com/modos-de-preparo/liquidificador,internal_pool,https://globo.com
https://receitas.globo.com/modos-de-preparo/panela-de-pressao,internal_pool,https://globo.com
https://receitas.globo.com/ocasioes/almoco,internal_pool,https://globo.com
https://receitas.globo.com/ocasioes/cafe-da-manha,internal_pool,https://globo.com
https://receitas.globo.com/ocasioes/jantar,internal_pool,https://globo.com
https://receitas.globo.com/ocasioes/lanche-da-tarde,internal_pool,https://globo.com
https://receitas.globo.com/programas-e-series/bbb,internal_pool,https://globo.com
https://receitas.globo.com/programas-e-series/cozinha-pratica,internal_pool,https://globo.com
https://receitas.globo.com/programas-e-series/e-de-casa,internal_pool,https://globo.com
https://receitas.globo.com/programas-e-series/mais-voce,internal_pool,https://globo.com
https://receitas.globo.com/programas-e-series/tempero-de-familia,internal_pool,https://globo.com
https://receitas.globo.com/receitas-da-tv/chef-de-alto-nivel/2025,internal_pool,https://globo.com
https://receitas.globo.com/regionais/rpc,internal_pool,https://globo.com
https://receitas.globo.com/tipos-de-prato/bolos,internal_pool,https://globo.com
https://receitas.globo.com/tipos-de-prato/carnes,internal_pool,https://globo.com
https://receitas.globo.com/tipos-de-prato/doces-e-sobremesas,internal_pool,https://globo.com
https://receitas.globo.com/tudo-sobre/air-fryer,internal_pool,https://globo.com
https://receitas.globo.com/tudo-sobre/micro-ondas,internal_pool,https://globo.com
https://redeglobo.globo.com,internal_pool,https://globo.com
https://redeglobo.globo.com/sao-paulo/programacao,internal_pool,https://globo.com
https://revistagalileu.globo.com/ciencia/biologia/noticia/2026/05/nova-especie-de-peixe-e-batizada-em-homenagem-ao-snuffleupagus-da-vila-sesamo.ghtml,internal_pool,https://globo.com
https://revistamarieclaire.globo.com/carreira/noticia/2026/05/14-dias-de-folga-salario-acima-do-mercado-engenheira-offshore-conta-como-e-trabalhar-em-uma-plataforma-de-petroleo.ghtml,internal_pool,https://globo.com
https://revistamarieclaire.globo.com/celebridades/noticia/2026/05/empresaria-mencionada-em-termino-polemico-de-virginia-e-vini-jr-aciona-a-justica-apos-ameacas-a-familia-voces-nao-tem-provas.ghtml,internal_pool,https://globo.com
https://revistamarieclaire.globo.com/celebridades/noticia/2026/05/hariany-almeida-diz-que-ganhou-carro-do-irmao-de-anitta-veiculo-0-km-e-avaliado-em-r-200-mil.ghtml,internal_pool,https://globo.com
https://revistamarieclaire.globo.com/celebridades/noticia/2026/05/rafa-kalimann-sugeriu-terapia-de-casal-a-nattan-nao-deixe-chegar-no-problema-para-buscar-ajuda.ghtml,internal_pool,https://globo.com
https://revistamarieclaire.globo.com/celebridades/noticia/2026/05/rafaella-justus-abre-album-de-fotos-no-aniversario-da-irma-cacula-vicky-pronta-para-a-festa.ghtml,internal_pool,https://globo.com
https://revistamonet.globo.com/celebridades/noticia/2026/05/atriz-de-euphoria-admite-que-preenchimentos-tiraram-sensibilidade-dos-labios-nem-preciso-de-creme-anestesico-mais.ghtml,internal_pool,https://globo.com
https://revistamonet.globo.com/esportes/noticia/2026/05/gina-carano-estrela-de-o-mandaloriano-revela-que-perdeu-45-kg-para-voltar-aos-ringues-apos-17-anos-e-lutar-contra-ronda-rousey.ghtml,internal_pool,https://globo.com
https://revistaquem.globo.com,internal_pool,https://globo.com
https://revistaquem.globo.com/entretenimento/series-e-filmes/noticia/2026/05/top-gun-de-volta-aos-cinemas-veja-como-esta-o-elenco-original-40-anos-depois.ghtml,internal_pool,https://globo.com
https://revistaquem.globo.com/eventos/casamentos/noticia/2026/05/elisa-zarzur-e-alexandre-negrao-se-casam-no-civil-em-cerimonia-intimista.ghtml,internal_pool,https://globo.com
https://revistaquem.globo.com/eventos/festa/noticia/2026/05/filha-de-roberto-justus-e-ana-paula-siebert-ganha-festa-luxuosa-em-fazenda-da-familia-com-tema-cowgirl.ghtml,internal_pool,https://globo.com
https://revistaquem.globo.com/eventos/festa/noticia/2026/05/tudo-o-que-rolou-aniversario-vicky-justus-ponei-filhas-neymar-bolo-gigante.ghtml,internal_pool,https://globo.com
https://revistaquem.globo.com/noticias/filhos-dos-famosos/noticia/2026/05/filhas-de-neymar-encantam-na-festa-de-vicky-justus.ghtml,internal_pool,https://globo.com
https://revistaquem.globo.com/noticias/noticia/2026/05/apos-termino-com-vini-jr-virginia-fonseca-recebe-apoio-de-angelica-e-luciano-huck-melhorou-meu-dia.ghtml,internal_pool,https://globo.com
https://revistaquem.globo.com/noticias/noticia/2026/05/eder-militao-se-pronuncia-apos-ser-citado-em-termino-de-virginia-e-vini-assustado.ghtml,internal_pool,https://globo.com
https://revistaquem.globo.com/noticias/noticia/2026/05/maira-cardi-relembra-abusos-sofridos-no-passado-fui-parar-em-cativeiro.ghtml,internal_pool,https://globo.com
https://revistaquem.globo.com/noticias/noticia/2026/05/virginia-fonseca-manda-recado-um-dia-apos-o-termino-com-vini-jr-inegociavel.ghtml,internal_pool,https://globo.com
https://umsoplaneta.globo.com,internal_pool,https://globo.com
https://valor.globo.com,internal_pool,https://globo.com
https://valor.globo.com/financas/noticia/2026/05/16/oms-declara-surto-de-ebola-no-congo-e-uganda-como-emergencia-de-saude-publica-de-importancia-internacional.ghtml,internal_pool,https://globo.com
https://valorinveste.globo.com,internal_pool,https://globo.com
https://valorinveste.globo.com/ferramentas/calculadoras/calculadora-salario-liquido,internal_pool,https://globo.com
https://valorinveste.globo.com/ferramentas/comparador-de-investimentos,internal_pool,https://globo.com
https://valorpro.globo.com,internal_pool,https://globo.com
https://vidadebicho.globo.com,internal_pool,https://globo.com
https://vitrine.globo.com,internal_pool,https://globo.com
https://vitrine.globo.com/assine/cartola,internal_pool,https://globo.com
https://vitrine.globo.com/assine/combate,internal_pool,https://globo.com
https://vitrine.globo.com/assine/globoplay,internal_pool,https://globo.com
https://vitrine.globo.com/assine/premiere,internal_pool,https://globo.com
https://vitrine.globo.com/assine/telecine,internal_pool,https://globo.com
https://vitrine.globo.com/cartola,internal_pool,https://globo.com
https://vitrine.globo.com/premiere,internal_pool,https://globo.com
https://vogue.globo.com,internal_pool,https://globo.com
https://www.globo.com/podcasts,internal_pool,https://globo.com
https://www.globo.com/todos-os-sites,internal_pool,https://globo.com
