url,link_kind,seed_domain
https://google.com/search?q=cats,homepage,https://google.com/search?q=cats
http://www.google.com/search,internal_pool,https://google.com/search?q=cats
https://www.google.com/finance,internal_pool,https://google.com/search?q=cats
https://www.google.com/preferences,internal_pool,https://google.com/search?q=cats
https://www.google.com/search,internal_pool,https://google.com/search?q=cats
https://www.google.com/setprefs,internal_pool,https://google.com/search?q=cats
https://www.google.com/webhp,internal_pool,https://google.com/search?q=cats
https://youtube.com/results?search_query=cats,homepage,https://youtube.com/results?search_query=cats
https://www.youtube.com,internal_pool,https://youtube.com/results?search_query=cats
https://www.youtube.com/@CaDAnimals,internal_pool,https://youtube.com/results?search_query=cats
https://www.youtube.com/@ChipTheManx,internal_pool,https://youtube.com/results?search_query=cats
https://www.youtube.com/@FunnyCatChannel-1,internal_pool,https://youtube.com/results?search_query=cats
https://www.youtube.com/@FunnyandcuteCatLife,internal_pool,https://youtube.com/results?search_query=cats
https://www.youtube.com/@KittyCatRankings,internal_pool,https://youtube.com/results?search_query=cats
https://www.youtube.com/@PurrRanked,internal_pool,https://youtube.com/results?search_query=cats
https://www.youtube.com/@RICK_GARRY,internal_pool,https://youtube.com/results?search_query=cats
https://www.youtube.com/@catspets555,internal_pool,https://youtube.com/results?search_query=cats
https://www.youtube.com/@elcatogato,internal_pool,https://youtube.com/results?search_query=cats
https://www.youtube.com/@exlittlebeans,internal_pool,https://youtube.com/results?search_query=cats
https://www.youtube.com/@gabrielle_cats,internal_pool,https://youtube.com/results?search_query=cats
https://www.youtube.com/@petcollective,internal_pool,https://youtube.com/results?search_query=cats
https://www.youtube.com/channel/UCFYMDSW-BzeYZKFSxROw3Rg,internal_pool,https://youtube.com/results?search_query=cats
https://www.youtube.com/feed/subscriptions,internal_pool,https://youtube.com/results?search_query=cats
https://www.youtube.com/feed/you,internal_pool,https://youtube.com/results?search_query=cats
https://www.youtube.com/howyoutubeworks/product-features/search,internal_pool,https://youtube.com/results?search_query=cats
https://www.youtube.com/results,internal_pool,https://youtube.com/results?search_query=cats
https://www.youtube.com/shorts,internal_pool,https://youtube.com/results?search_query=cats
https://www.youtube.com/shorts/-vSDREkNtWk,internal_pool,https://youtube.com/results?search_query=cats
https://www.youtube.com/shorts/4QeOaBebC18,internal_pool,https://youtube.com/results?search_query=cats
https://www.youtube.com/shorts/4axNIx1rldU,internal_pool,https://youtube.com/results?search_query=cats
https://www.youtube.com/shorts/6_afNVLIaEs,internal_pool,https://youtube.com/results?search_query=cats
https://www.youtube.com/shorts/8jM4XT-5CUA,internal_pool,https://youtube.com/results?search_query=cats
https://www.youtube.com/shorts/9sioThXNHXU,internal_pool,https://youtube.com/results?search_query=cats
https://www.youtube.com/shorts/EKPA_nSlfHg,internal_pool,https://youtube.com/results?search_query=cats
https://www.youtube.com/shorts/EM41yq0OUQ4,internal_pool,https://youtube.com/results?search_query=cats
https://www.youtube.com/shorts/KHf_2XuJHUU,internal_pool,https://youtube.com/results?search_query=cats
https://www.youtube.com/shorts/KId3r5dVwGk,internal_pool,https://youtube.com/results?search_query=cats
https://www.youtube.com/shorts/ULHpd1dl3GA,internal_pool,https://youtube.com/results?search_query=cats
https://www.youtube.com/shorts/UUqUlwi7Qdc,internal_pool,https://youtube.com/results?search_query=cats
https://www.youtube.com/shorts/VH-1cdennEs,internal_pool,https://youtube.com/results?search_query=cats
https://www.youtube.com/shorts/XpzlaJ-VPa8,internal_pool,https://youtube.com/results?search_query=cats
https://www.youtube.com/shorts/Zbgrn9TqqqY,internal_pool,https://youtube.com/results?search_query=cats
https://www.youtube.com/shorts/gYHtLxb_wmA,internal_pool,https://youtube.com/results?search_query=cats
https://www.youtube.com/shorts/hVS0dvPNXB0,internal_pool,https://youtube.com/results?search_query=cats
https://www.youtube.com/shorts/ih7q2SE5M18,internal_pool,https://youtube.com/results?search_query=cats
https://www.youtube.com/shorts/jGuKdvmwYio,internal_pool,https://youtube.com/results?search_query=cats
https://www.youtube.com/shorts/l2Yngsb9Dww,internal_pool,https://youtube.com/results?search_query=cats
https://www.youtube.com/shorts/mcGa4SDTeyc,internal_pool,https://youtube.com/results?search_query=cats
https://www.youtube.com/shorts/pDfH54GR6OM,internal_pool,https://youtube.com/results?search_query=cats
https://www.youtube.com/shorts/py0bE1Wo5SQ,internal_pool,https://youtube.com/results?search_query=cats
https://www.youtube.com/shorts/ruXEjztdw0E,internal_pool,https://youtube.com/results?search_query=cats
https://www.youtube.com/shorts/sMKoDJcoWJc,internal_pool,https://youtube.com/results?search_query=cats
https://www.youtube.com/shorts/tisYnFQ8jQU,internal_pool,https://youtube.com/results?search_query=cats
https://www.youtube.com/shorts/yg8m8BZaJwY,internal_pool,https://youtube.com/results?search_query=cats
https://www.youtube.com/shorts/z-uNKa_tnCA,internal_pool,https://youtube.com/results?search_query=cats
https://www.youtube.com/watch,internal_pool,https://youtube.com/results?search_query=cats
https://baidu.com/s?wd=cats,homepage,https://baidu.com/s?wd=cats
http://www.baidu.com/gaoji/preferences.html,internal_pool,https://baidu.com/s?wd=cats
http://www.baidu.com/link,internal_pool,https://baidu.com/s?wd=cats
http://www.baidu.com/more,internal_pool,https://baidu.com/s?wd=cats
https://www.baidu.com,internal_pool,https://baidu.com/s?wd=cats
https://www.baidu.com/s,internal_pool,https://baidu.com/s?wd=cats
https://www.baidu.com/sf/vsearch,internal_pool,https://baidu.com/s?wd=cats
https://en.wikipedia.org,homepage,https://en.wikipedia.org
https://en.wikipedia.org/w/index.php,internal_pool,https://en.wikipedia.org
https://en.wikipedia.org/wiki/11th_Panchen_Lama_controversy,internal_pool,https://en.wikipedia.org
https://en.wikipedia.org/wiki/1395,internal_pool,https://en.wikipedia.org
https://en.wikipedia.org/wiki/14th_Dalai_Lama,internal_pool,https://en.wikipedia.org
https://en.wikipedia.org/wiki/1521,internal_pool,https://en.wikipedia.org
https://en.wikipedia.org/wiki/1900,internal_pool,https://en.wikipedia.org
https://en.wikipedia.org/wiki/1974,internal_pool,https://en.wikipedia.org
https://en.wikipedia.org/wiki/1995,internal_pool,https://en.wikipedia.org
https://en.wikipedia.org/wiki/2022_Russian_invasion_of_Ukraine,internal_pool,https://en.wikipedia.org
https://en.wikipedia.org/wiki/2026_Bahamian_general_election,internal_pool,https://en.wikipedia.org
https://en.wikipedia.org/wiki/2026_Iran_war,internal_pool,https://en.wikipedia.org
https://en.wikipedia.org/wiki/2026_Lebanon_war,internal_pool,https://en.wikipedia.org
https://en.wikipedia.org/wiki/2026_Niuean_general_election,internal_pool,https://en.wikipedia.org
https://en.wikipedia.org/wiki/2026_Philippine_Senate_lockdown,internal_pool,https://en.wikipedia.org
https://en.wikipedia.org/wiki/Albrecht_Weinberg,internal_pool,https://en.wikipedia.org
https://en.wikipedia.org/wiki/All_Hell_Breaks_Loose_(Charmed),internal_pool,https://en.wikipedia.org
https://en.wikipedia.org/wiki/Alyssa_Milano,internal_pool,https://en.wikipedia.org
https://en.wikipedia.org/wiki/Association_football,internal_pool,https://en.wikipedia.org
https://en.wikipedia.org/wiki/Ati_people,internal_pool,https://en.wikipedia.org
https://en.wikipedia.org/wiki/Balearic_Islands,internal_pool,https://en.wikipedia.org
https://en.wikipedia.org/wiki/Balearic_green_toad,internal_pool,https://en.wikipedia.org
https://en.wikipedia.org/wiki/Banjo,internal_pool,https://en.wikipedia.org
https://en.wikipedia.org/wiki/Battle_of_Rovine,internal_pool,https://en.wikipedia.org
https://en.wikipedia.org/wiki/Boers,internal_pool,https://en.wikipedia.org
https://en.wikipedia.org/wiki/Boracay_Bridge,internal_pool,https://en.wikipedia.org
https://en.wikipedia.org/wiki/Brad_Kern,internal_pool,https://en.wikipedia.org
https://en.wikipedia.org/wiki/Bronze_Age,internal_pool,https://en.wikipedia.org
https://en.wikipedia.org/wiki/Charmed,internal_pool,https://en.wikipedia.org
https://en.wikipedia.org/wiki/Cifelliodon,internal_pool,https://en.wikipedia.org
https://en.wikipedia.org/wiki/Columbine_High_School_massacre,internal_pool,https://en.wikipedia.org
https://en.wikipedia.org/wiki/Corsica,internal_pool,https://en.wikipedia.org
https://en.wikipedia.org/wiki/Dalton_Tagelagi,internal_pool,https://en.wikipedia.org
https://en.wikipedia.org/wiki/Deaths_in_2026,internal_pool,https://en.wikipedia.org
https://en.wikipedia.org/wiki/Diesel_locomotive,internal_pool,https://en.wikipedia.org
https://en.wikipedia.org/wiki/Dublin,internal_pool,https://en.wikipedia.org
https://en.wikipedia.org/wiki/Dublin_and_Monaghan_bombings,internal_pool,https://en.wikipedia.org
"https://en.wikipedia.org/wiki/Edward_Stafford,_3rd_Duke_of_Buckingham",internal_pool,https://en.wikipedia.org
https://en.wikipedia.org/wiki/Emil_Paul_Tscherrig,internal_pool,https://en.wikipedia.org
https://en.wikipedia.org/wiki/Encyclopedia,internal_pool,https://en.wikipedia.org
https://en.wikipedia.org/wiki/English_language,internal_pool,https://en.wikipedia.org
https://en.wikipedia.org/wiki/Erik_Campbell_(Final_Destination),internal_pool,https://en.wikipedia.org
https://en.wikipedia.org/wiki/European_green_toad,internal_pool,https://en.wikipedia.org
https://en.wikipedia.org/wiki/Fantasy,internal_pool,https://en.wikipedia.org
https://en.wikipedia.org/wiki/File:Bufotes_balearicus_female_quadrat.jpg,internal_pool,https://en.wikipedia.org
https://en.wikipedia.org/wiki/File:Commons-logo.svg,internal_pool,https://en.wikipedia.org
https://en.wikipedia.org/wiki/File:Edward_Stafford_3rd_Duke_of_Buckingham_1520.jpg,internal_pool,https://en.wikipedia.org
https://en.wikipedia.org/wiki/File:Klimt_-_Park.jpg,internal_pool,https://en.wikipedia.org
https://en.wikipedia.org/wiki/File:MediaWiki-2020-icon.svg,internal_pool,https://en.wikipedia.org
https://en.wikipedia.org/wiki/File:Niue_Premier_Dalton_Tagelagi_on_25_September_2023_-_53214108645_(cropped).jpg,internal_pool,https://en.wikipedia.org
https://en.wikipedia.org/wiki/File:Shannen_Doherty.jpg,internal_pool,https://en.wikipedia.org
https://en.wikipedia.org/wiki/File:Wikibooks-logo.svg,internal_pool,https://en.wikipedia.org
https://en.wikipedia.org/wiki/File:Wikifunctions-logo.svg,internal_pool,https://en.wikipedia.org
https://en.wikipedia.org/wiki/File:Wikisource-logo.svg,internal_pool,https://en.wikipedia.org
https://en.wikipedia.org/wiki/File:Wikispecies-logo.svg,internal_pool,https://en.wikipedia.org
https://en.wikipedia.org/wiki/File:Wikiversity_logo_2017.svg,internal_pool,https://en.wikipedia.org
https://en.wikipedia.org/wiki/File:Wikivoyage-Logo-v3-icon.svg,internal_pool,https://en.wikipedia.org
https://en.wikipedia.org/wiki/File:Wiktionary-logo-en-v2.svg,internal_pool,https://en.wikipedia.org
https://en.wikipedia.org/wiki/Free_content,internal_pool,https://en.wikipedia.org
https://en.wikipedia.org/wiki/Gedhun_Choekyi_Nyima,internal_pool,https://en.wikipedia.org
https://en.wikipedia.org/wiki/Giuncarico,internal_pool,https://en.wikipedia.org
https://en.wikipedia.org/wiki/Gustav_Klimt,internal_pool,https://en.wikipedia.org
https://en.wikipedia.org/wiki/Gyaincain_Norbu,internal_pool,https://en.wikipedia.org
https://en.wikipedia.org/wiki/Help:Contents,internal_pool,https://en.wikipedia.org
https://en.wikipedia.org/wiki/Help:Introduction,internal_pool,https://en.wikipedia.org
https://en.wikipedia.org/wiki/Help:Introduction_to_Wikipedia,internal_pool,https://en.wikipedia.org
https://en.wikipedia.org/wiki/Help:Your_first_article,internal_pool,https://en.wikipedia.org
https://en.wikipedia.org/wiki/Henry_VIII,internal_pool,https://en.wikipedia.org
https://en.wikipedia.org/wiki/Holly_Marie_Combs,internal_pool,https://en.wikipedia.org
https://en.wikipedia.org/wiki/Hybrid_(biology),internal_pool,https://en.wikipedia.org
"https://en.wikipedia.org/wiki/I_need_ammunition,_not_a_ride",internal_pool,https://en.wikipedia.org
"https://en.wikipedia.org/wiki/International_Day_Against_Homophobia,_Biphobia_and_Transphobia",internal_pool,https://en.wikipedia.org
https://en.wikipedia.org/wiki/International_Union_for_Conservation_of_Nature,internal_pool,https://en.wikipedia.org
https://en.wikipedia.org/wiki/Jeannette_Piccard,internal_pool,https://en.wikipedia.org
https://en.wikipedia.org/wiki/Jordan_Hadaway,internal_pool,https://en.wikipedia.org
https://en.wikipedia.org/wiki/Jos%C3%A9_Ballesta,internal_pool,https://en.wikipedia.org
https://en.wikipedia.org/wiki/Kenneth_Keith,internal_pool,https://en.wikipedia.org
https://en.wikipedia.org/wiki/Least-concern_species,internal_pool,https://en.wikipedia.org
https://en.wikipedia.org/wiki/List_of_days_of_the_year,internal_pool,https://en.wikipedia.org
https://en.wikipedia.org/wiki/MV_Hondius,internal_pool,https://en.wikipedia.org
https://en.wikipedia.org/wiki/MV_Hondius_hantavirus_outbreak,internal_pool,https://en.wikipedia.org
https://en.wikipedia.org/wiki/Main_Page,internal_pool,https://en.wikipedia.org
"https://en.wikipedia.org/wiki/Malay,_Aklan",internal_pool,https://en.wikipedia.org
https://en.wikipedia.org/wiki/Mammaliaformes,internal_pool,https://en.wikipedia.org
https://en.wikipedia.org/wiki/Martin_Delrio,internal_pool,https://en.wikipedia.org
https://en.wikipedia.org/wiki/May_16,internal_pool,https://en.wikipedia.org
https://en.wikipedia.org/wiki/May_17,internal_pool,https://en.wikipedia.org
https://en.wikipedia.org/wiki/May_18,internal_pool,https://en.wikipedia.org
https://en.wikipedia.org/wiki/Monaghan,internal_pool,https://en.wikipedia.org
https://en.wikipedia.org/wiki/Operation_Brevity,internal_pool,https://en.wikipedia.org
https://en.wikipedia.org/wiki/Ottoman_Empire,internal_pool,https://en.wikipedia.org
https://en.wikipedia.org/wiki/Pamela_Ball,internal_pool,https://en.wikipedia.org
https://en.wikipedia.org/wiki/Parotoid_gland,internal_pool,https://en.wikipedia.org
https://en.wikipedia.org/wiki/Patricia_Guijarro,internal_pool,https://en.wikipedia.org
https://en.wikipedia.org/wiki/Philip_Davis_(Bahamian_politician),internal_pool,https://en.wikipedia.org
https://en.wikipedia.org/wiki/Phoebe_Halliwell,internal_pool,https://en.wikipedia.org
https://en.wikipedia.org/wiki/Piper_Halliwell,internal_pool,https://en.wikipedia.org
https://en.wikipedia.org/wiki/Portal:Current_events,internal_pool,https://en.wikipedia.org
https://en.wikipedia.org/wiki/Progressive_Liberal_Party,internal_pool,https://en.wikipedia.org
https://en.wikipedia.org/wiki/Prue_Halliwell,internal_pool,https://en.wikipedia.org
https://en.wikipedia.org/wiki/Rex_Reed,internal_pool,https://en.wikipedia.org
https://en.wikipedia.org/wiki/Richard_III_of_England,internal_pool,https://en.wikipedia.org
https://en.wikipedia.org/wiki/Ronald_dela_Rosa,internal_pool,https://en.wikipedia.org
https://en.wikipedia.org/wiki/Russo-Ukrainian_war_(2022%E2%80%93present),internal_pool,https://en.wikipedia.org
https://en.wikipedia.org/wiki/Salvador_Dal%C3%AD,internal_pool,https://en.wikipedia.org
https://en.wikipedia.org/wiki/Second_Boer_War,internal_pool,https://en.wikipedia.org
https://en.wikipedia.org/wiki/Senate_of_the_Philippines,internal_pool,https://en.wikipedia.org
https://en.wikipedia.org/wiki/Shannen_Doherty,internal_pool,https://en.wikipedia.org
https://en.wikipedia.org/wiki/Siege_of_Mafeking,internal_pool,https://en.wikipedia.org
https://en.wikipedia.org/wiki/Spadina_subway_line,internal_pool,https://en.wikipedia.org
https://en.wikipedia.org/wiki/Special:Random,internal_pool,https://en.wikipedia.org
https://en.wikipedia.org/wiki/Special:RecentChanges,internal_pool,https://en.wikipedia.org
https://en.wikipedia.org/wiki/Special:RecentChangesLinked/Main_Page,internal_pool,https://en.wikipedia.org
https://en.wikipedia.org/wiki/Special:Search,internal_pool,https://en.wikipedia.org
https://en.wikipedia.org/wiki/Special:SpecialPages,internal_pool,https://en.wikipedia.org
https://en.wikipedia.org/wiki/Special:Statistics,internal_pool,https://en.wikipedia.org
https://en.wikipedia.org/wiki/Special:WhatLinksHere/Main_Page,internal_pool,https://en.wikipedia.org
https://en.wikipedia.org/wiki/Sudanese_civil_war_(2023%E2%80%93present),internal_pool,https://en.wikipedia.org
https://en.wikipedia.org/wiki/Talk:Main_Page,internal_pool,https://en.wikipedia.org
https://en.wikipedia.org/wiki/Talyllyn_Railway,internal_pool,https://en.wikipedia.org
https://en.wikipedia.org/wiki/Template:POTD/2026-05-14,internal_pool,https://en.wikipedia.org
https://en.wikipedia.org/wiki/Template:POTD/2026-05-15,internal_pool,https://en.wikipedia.org
https://en.wikipedia.org/wiki/Template:POTD/2026-05-16,internal_pool,https://en.wikipedia.org
https://en.wikipedia.org/wiki/Template_talk:Did_you_know,internal_pool,https://en.wikipedia.org
https://en.wikipedia.org/wiki/Tenerife,internal_pool,https://en.wikipedia.org
https://en.wikipedia.org/wiki/The_Park_(Klimt),internal_pool,https://en.wikipedia.org
https://en.wikipedia.org/wiki/The_Troubles,internal_pool,https://en.wikipedia.org
https://en.wikipedia.org/wiki/The_WB,internal_pool,https://en.wikipedia.org
https://en.wikipedia.org/wiki/They_Call_Me_Mr._De,internal_pool,https://en.wikipedia.org
https://en.wikipedia.org/wiki/Timeline_of_the_Russo-Ukrainian_war_(1_January_2026_%E2%80%93_present),internal_pool,https://en.wikipedia.org
https://en.wikipedia.org/wiki/Timeline_of_the_Sudanese_civil_war_(2026),internal_pool,https://en.wikipedia.org
https://en.wikipedia.org/wiki/Timmy_(whale),internal_pool,https://en.wikipedia.org
https://en.wikipedia.org/wiki/Tray_Wellington,internal_pool,https://en.wikipedia.org
https://en.wikipedia.org/wiki/True_toad,internal_pool,https://en.wikipedia.org
https://en.wikipedia.org/wiki/Tuscany,internal_pool,https://en.wikipedia.org
https://en.wikipedia.org/wiki/Ulster_Volunteer_Force,internal_pool,https://en.wikipedia.org
https://en.wikipedia.org/wiki/User:Richard_Bartz,internal_pool,https://en.wikipedia.org
https://en.wikipedia.org/wiki/Victor_Bendico,internal_pool,https://en.wikipedia.org
https://en.wikipedia.org/wiki/Volodymyr_Zelenskyy,internal_pool,https://en.wikipedia.org
https://en.wikipedia.org/wiki/Wallachia,internal_pool,https://en.wikipedia.org
https://en.wikipedia.org/wiki/Wikimedia_Foundation,internal_pool,https://en.wikipedia.org
https://en.wikipedia.org/wiki/Wikipedia,internal_pool,https://en.wikipedia.org
https://en.wikipedia.org/wiki/Wikipedia:About,internal_pool,https://en.wikipedia.org
https://en.wikipedia.org/wiki/Wikipedia:About_Today%27s_featured_article,internal_pool,https://en.wikipedia.org
https://en.wikipedia.org/wiki/Wikipedia:Community_portal,internal_pool,https://en.wikipedia.org
https://en.wikipedia.org/wiki/Wikipedia:Contact_us,internal_pool,https://en.wikipedia.org
https://en.wikipedia.org/wiki/Wikipedia:Contents,internal_pool,https://en.wikipedia.org
https://en.wikipedia.org/wiki/Wikipedia:Contents/Portals,internal_pool,https://en.wikipedia.org
https://en.wikipedia.org/wiki/Wikipedia:Did_you_know_archive,internal_pool,https://en.wikipedia.org
https://en.wikipedia.org/wiki/Wikipedia:Featured_articles_(linked_from_TFAfooter),internal_pool,https://en.wikipedia.org
https://en.wikipedia.org/wiki/Wikipedia:Featured_pictures,internal_pool,https://en.wikipedia.org
https://en.wikipedia.org/wiki/Wikipedia:File_Upload_Wizard,internal_pool,https://en.wikipedia.org
https://en.wikipedia.org/wiki/Wikipedia:File_upload_wizard,internal_pool,https://en.wikipedia.org
https://en.wikipedia.org/wiki/Wikipedia:General_disclaimer,internal_pool,https://en.wikipedia.org
https://en.wikipedia.org/wiki/Wikipedia:Help_desk,internal_pool,https://en.wikipedia.org
https://en.wikipedia.org/wiki/Wikipedia:In_the_news/Candidates,internal_pool,https://en.wikipedia.org
https://en.wikipedia.org/wiki/Wikipedia:News,internal_pool,https://en.wikipedia.org
https://en.wikipedia.org/wiki/Wikipedia:Picture_of_the_day/Archive,internal_pool,https://en.wikipedia.org
https://en.wikipedia.org/wiki/Wikipedia:Reference_desk,internal_pool,https://en.wikipedia.org
https://en.wikipedia.org/wiki/Wikipedia:Selected_anniversaries,internal_pool,https://en.wikipedia.org
https://en.wikipedia.org/wiki/Wikipedia:Selected_anniversaries/May,internal_pool,https://en.wikipedia.org
https://en.wikipedia.org/wiki/Wikipedia:Teahouse,internal_pool,https://en.wikipedia.org
https://en.wikipedia.org/wiki/Wikipedia:Text_of_the_Creative_Commons_Attribution-ShareAlike_4.0_International_License,internal_pool,https://en.wikipedia.org
https://en.wikipedia.org/wiki/Wikipedia:Today%27s_featured_article/May_2026,internal_pool,https://en.wikipedia.org
https://en.wikipedia.org/wiki/Wikipedia:Village_pump,internal_pool,https://en.wikipedia.org
https://en.wikipedia.org/wiki/William_Birdwood,internal_pool,https://en.wikipedia.org
https://en.wikipedia.org/wiki/World_Hypertension_Day,internal_pool,https://en.wikipedia.org
https://yahoo.com,homepage,https://yahoo.com
https://www.yahoo.com/all,internal_pool,https://yahoo.com
https://www.yahoo.com/creators/lifestyle/story/a-doctor-explains-what-matcha-actually-does-to-your-body--and-why-its-not-just-hype-201332014.html,internal_pool,https://yahoo.com
https://www.yahoo.com/entertainment,internal_pool,https://yahoo.com
https://www.yahoo.com/entertainment/celebrity/articles/josh-duhamel-welcomes-baby-no-005655974.html,internal_pool,https://yahoo.com
https://www.yahoo.com/entertainment/celebrity/articles/mark-ruffalo-assumes-m-already-174040534.html,internal_pool,https://yahoo.com
https://www.yahoo.com/entertainment/celebrity/articles/royal-expert-says-king-charles-171237985.html,internal_pool,https://yahoo.com
https://www.yahoo.com/entertainment/celebrity/articles/sad-reason-pete-davidson-split-020000625.html,internal_pool,https://yahoo.com
https://www.yahoo.com/entertainment/movies/article/new-movies-to-watch-this-weekend-see-obsession-in-theaters-rent-project-hail-mary-stream-marty-life-is-short-on-netflix-130431910.html,internal_pool,https://yahoo.com
https://www.yahoo.com/entertainment/movies/articles/netflix-resurrected-r-rated-blockbuster-130000018.html,internal_pool,https://yahoo.com
https://www.yahoo.com/entertainment/tv/articles/saturday-night-live-ferrell-appears-034144253.html,internal_pool,https://yahoo.com
https://www.yahoo.com/entertainment/videos/teens-noticed-man-struggling-change-185801433.html,internal_pool,https://yahoo.com
https://www.yahoo.com/finance/markets/stocks/articles/bill-gates-just-did-unthinkable-132955202.html,internal_pool,https://yahoo.com
https://www.yahoo.com/games,internal_pool,https://yahoo.com
https://www.yahoo.com/lifestyle,internal_pool,https://yahoo.com
https://www.yahoo.com/lifestyle/articles/29-old-son-had-stomach-112501895.html,internal_pool,https://yahoo.com
https://www.yahoo.com/lifestyle/articles/5-things-happiest-couples-weekends-192143572.html,internal_pool,https://yahoo.com
https://www.yahoo.com/lifestyle/articles/man-spotted-lizard-lurking-backyard-200000447.html,internal_pool,https://yahoo.com
https://www.yahoo.com/lifestyle/horoscope,internal_pool,https://yahoo.com
https://www.yahoo.com/lifestyle/horoscope//taurus/daily-20260517,internal_pool,https://yahoo.com
https://www.yahoo.com/news,internal_pool,https://yahoo.com
https://www.yahoo.com/news/articles/39they39ve-killed-my-farm39-georgia-farmer-says-government-seized-225-acres-for-corporate-jet-airport-102000683.html,internal_pool,https://yahoo.com
https://www.yahoo.com/news/articles/ballroom-security-money-nixed-senate-015209060.html,internal_pool,https://yahoo.com
https://www.yahoo.com/news/articles/christian-school-kindergarten-teacher-arrested-200838264.html,internal_pool,https://yahoo.com
https://www.yahoo.com/news/articles/deadly-mushroom-poisonings-california-mark-223422895.html,internal_pool,https://yahoo.com
https://www.yahoo.com/news/articles/eurovision-song-contest-final-takes-040739077.html,internal_pool,https://yahoo.com
https://www.yahoo.com/news/articles/florida-state-park-no-swim-234423414.html,internal_pool,https://yahoo.com
https://www.yahoo.com/news/articles/former-top-russian-official-admits-220706186.html,internal_pool,https://yahoo.com
https://www.yahoo.com/news/articles/georgia-man-celebrating-graduation-uga-161405036.html,internal_pool,https://yahoo.com
https://www.yahoo.com/news/articles/man-says-won-millions-lottery-120647975.html,internal_pool,https://yahoo.com
https://www.yahoo.com/news/articles/more-half-inmates-noem-released-194002323.html,internal_pool,https://yahoo.com
https://www.yahoo.com/news/articles/nicki-minaj-went-maga-221117066.html,internal_pool,https://yahoo.com
https://www.yahoo.com/news/articles/perfect-statement-trump-defends-saying-014143597.html,internal_pool,https://yahoo.com
https://www.yahoo.com/news/articles/republican-cassidy-faces-trump-retribution-101005961.html,internal_pool,https://yahoo.com
https://www.yahoo.com/news/articles/sen-cassidy-battles-trump-backed-035832051.html,internal_pool,https://yahoo.com
https://www.yahoo.com/news/articles/swatch-stores-shutter-amid-long-204953769.html,internal_pool,https://yahoo.com
https://www.yahoo.com/news/articles/timmy-stranded-humpback-whale-found-172132196.html,internal_pool,https://yahoo.com
https://www.yahoo.com/news/articles/what-to-know-about-mackenzie-shirilla-the-ohio-teen-who-killed-her-boyfriend-and-his-friend-in-100-mph-crash-132114440.html,internal_pool,https://yahoo.com
https://www.yahoo.com/newsletters,internal_pool,https://yahoo.com
https://www.yahoo.com/newsletters/the-yodel,internal_pool,https://yahoo.com
https://www.yahoo.com/shopping/deals/breaking-news/article/amazon-has-huge-memorial-day-sales-that-start-early-this-weekend--heres-what-to-buy-from-brands-like-apple-ninja-adidas-and-more-163827320.html,internal_pool,https://yahoo.com
https://www.yahoo.com/shopping/deals/breaking-news/article/early-memorial-day-shoe-deals-are-knocking-our-socks-off--save-up-to-50-on-clarks-hoka-skechers-and-more-143630008.html,internal_pool,https://yahoo.com
https://www.yahoo.com/shopping/deals/breaking-news/article/memorial-day-sales-have-started-early--we-found-the-deals-worth-shopping-from-apple-kate-spade-adidas-shark-and-more-165432763.html,internal_pool,https://yahoo.com
https://www.yahoo.com/shopping/deals/breaking-news/article/upgrade-your-summer-wardrobe-with-these-memorial-day-fashion-deals-up-to-75-off-143819044.html,internal_pool,https://yahoo.com
https://www.yahoo.com/sports/articles/us-team-39devastated39-by-lack-of-home-support-says-world-cup-doc-maker-015214876.html,internal_pool,https://yahoo.com
https://www.yahoo.com/sports/mma/live/ronda-rousey-tears-through-gina-carano-with-17-second-armbar-to-win-historic-netflix-comeback-060000374.html,internal_pool,https://yahoo.com
https://www.yahoo.com/tech/deals/breaking-news/article/memorial-day-sales-on-tech-are-already-live-at-amazon-apple-best-buy-and-more-181434324.html,internal_pool,https://yahoo.com
https://www.yahoo.com/trending,internal_pool,https://yahoo.com
https://yandex.ru/search/?text=cats,homepage,https://yandex.ru/search/?text=cats
https://yandex.ru/alice,internal_pool,https://yandex.ru/search/?text=cats
https://yandex.ru/all,internal_pool,https://yandex.ru/search/?text=cats
https://yandex.ru/finance,internal_pool,https://yandex.ru/search/?text=cats
https://yandex.ru/images/search,internal_pool,https://yandex.ru/search/?text=cats
https://yandex.ru/jobs,internal_pool,https://yandex.ru/search/?text=cats
https://yandex.ru/legal/confidential,internal_pool,https://yandex.ru/search/?text=cats
https://yandex.ru/legal/recommendations,internal_pool,https://yandex.ru/search/?text=cats
https://yandex.ru/legal/termsofuse,internal_pool,https://yandex.ru/search/?text=cats
https://yandex.ru/maps,internal_pool,https://yandex.ru/search/?text=cats
https://yandex.ru/pogoda,internal_pool,https://yandex.ru/search/?text=cats
https://yandex.ru/products/my/orders,internal_pool,https://yandex.ru/search/?text=cats
https://yandex.ru/realty,internal_pool,https://yandex.ru/search/?text=cats
https://yandex.ru/search,internal_pool,https://yandex.ru/search/?text=cats
https://yandex.ru/search/direct,internal_pool,https://yandex.ru/search/?text=cats
https://yandex.ru/support/search/ru/alice,internal_pool,https://yandex.ru/search/?text=cats
https://yandex.ru/support/search/troubleshooting/accessibility.html,internal_pool,https://yandex.ru/search/?text=cats
https://yandex.ru/video/preview/10765095575155216068,internal_pool,https://yandex.ru/search/?text=cats
https://yandex.ru/video/preview/10904545631458454683,internal_pool,https://yandex.ru/search/?text=cats
https://yandex.ru/video/preview/11416011627856496971,internal_pool,https://yandex.ru/search/?text=cats
https://yandex.ru/video/preview/14732129777646529580,internal_pool,https://yandex.ru/search/?text=cats
https://yandex.ru/video/preview/15900305425721942253,internal_pool,https://yandex.ru/search/?text=cats
https://yandex.ru/video/preview/2688926189621368125,internal_pool,https://yandex.ru/search/?text=cats
https://yandex.ru/video/preview/4917405659275115441,internal_pool,https://yandex.ru/search/?text=cats
https://yandex.ru/video/preview/6944921596372143630,internal_pool,https://yandex.ru/search/?text=cats
https://yandex.ru/video/preview/7499668552985213882,internal_pool,https://yandex.ru/search/?text=cats
https://yandex.ru/video/preview/9026655997188598153,internal_pool,https://yandex.ru/search/?text=cats
https://yandex.ru/video/search,internal_pool,https://yandex.ru/search/?text=cats
https://amazon.com,homepage,https://amazon.com
https://www.amazon.com/2026-Panini-FIFA-World-Sticker/dp/B0GQJNCMT4,internal_pool,https://amazon.com
https://www.amazon.com/2026-Panini-World-Sticker-Collection/dp/B0G3Y89LW9,internal_pool,https://amazon.com
https://www.amazon.com/3DWhite-Brilliance-Remover-Dazzling-Toothpaste/dp/B0DPNJ1ZN9,internal_pool,https://amazon.com
https://www.amazon.com/ANRABESS-Ribbed-Fitted-Sleeveless-Clothes/dp/B0FTSS3PHW,internal_pool,https://amazon.com
https://www.amazon.com/ANRABESS-Womens-Sleeve-Blouses-Clothes/dp/B0DJJMW21W,internal_pool,https://amazon.com
https://www.amazon.com/AOC-Q27G41ZE-2560x1440-Compatible-Zero-Bright-Dot/dp/B0FF5HXGJK,internal_pool,https://amazon.com
https://www.amazon.com/ASUS-DisplayPort-2-5-Slot-Axial-tech-Technology/dp/B0F8PR9L3X,internal_pool,https://amazon.com
https://www.amazon.com/ASUS-Gaming-1440P-Monitor-VG27AQ3A/dp/B0BZR9TMBJ,internal_pool,https://amazon.com
https://www.amazon.com/Ailun-Protector-Generation-Compatible-Sensitive/dp/B0BJPXXM7D,internal_pool,https://amazon.com
https://www.amazon.com/AirTag-Compact-Extended-Battery-Case/dp/B0F4ZSGYT9,internal_pool,https://amazon.com
https://www.amazon.com/Amazon-Basics-Portable-Adjustable-Notebook/dp/B0BLRJ4R8F,internal_pool,https://amazon.com
https://www.amazon.com/Amazon-Essentials-Short-Sleeve-Crewneck-T-Shirt/dp/B07762TMMM,internal_pool,https://amazon.com
https://www.amazon.com/Amazon-Video/b,internal_pool,https://amazon.com
https://www.amazon.com/AmazonBasics-Extra-Thick-Exercise-Carrying/dp/B01LP0U5X0,internal_pool,https://amazon.com
https://www.amazon.com/AmazonBasics-Pound-Neoprene-Dumbbells-Weights/dp/B01LR5RG08,internal_pool,https://amazon.com
https://www.amazon.com/Anker-Charger-Compact-Foldable-MacBook/dp/B09C5RG6KV,internal_pool,https://amazon.com
https://www.amazon.com/Arcane-League-Legends-Limited-Steelbook/dp/B07GQ2XF1M,internal_pool,https://amazon.com
https://www.amazon.com/Arcane-Tinmen-Dragon-Shield-Sleeves/dp/B0B337ZY41,internal_pool,https://amazon.com
https://www.amazon.com/Archaeology-People-Bible-Historical-Characters/dp/0736990275,internal_pool,https://amazon.com
https://www.amazon.com/BIODANCE-Collagen-Peptide-Patches-Essentials/dp/B0GD6R7CFJ,internal_pool,https://amazon.com
https://www.amazon.com/Backpack-Women%EF%BC%8CCarry-Approved-15-6inch-Weekender/dp/B09MQWWP87,internal_pool,https://amazon.com
https://www.amazon.com/Beauty-Secrets-Bundled-Cushion-Medium/dp/B0DV2252GB,internal_pool,https://amazon.com
https://www.amazon.com/Ben-Hur-4K-Ultra-HD-Digital/dp/B0FY3RSSV9,internal_pool,https://amazon.com
https://www.amazon.com/Beyonc%C3%A9-All-Songs-Story-Behind/dp/1788405579,internal_pool,https://amazon.com
https://www.amazon.com/Black-Light-Replacement-Fluorescent-Machine/dp/B09WK5KB12,internal_pool,https://amazon.com
https://www.amazon.com/CODA-UHD-Blu-ray-Sian-Heder/dp/B0FTTJST4F,internal_pool,https://amazon.com
https://www.amazon.com/COOFANDY-Casual-Shirts-Button-Summer/dp/B0BV241H3F,internal_pool,https://amazon.com
https://www.amazon.com/Cable-Matters-USB-C-Supporting-Black/dp/B073H9RG9T,internal_pool,https://amazon.com
https://www.amazon.com/Callaway-Golf-Supersoft-Balls-White/dp/B0DHT5XZR1,internal_pool,https://amazon.com
https://www.amazon.com/Carhartt-Workwear-Short-Sleeve-T-Shirt-X-Large/dp/B002GHC19I,internal_pool,https://amazon.com
https://www.amazon.com/CeraVe-Facial-Moisturizing-Lotion-Lightweight/dp/B00365DABC,internal_pool,https://amazon.com
https://www.amazon.com/CeraVe-Invisible-Sunscreen-Sensitive-Niacinamide/dp/B0FXNHDWM7,internal_pool,https://amazon.com
https://www.amazon.com/Changing-World-Order-Nations-Succeed/dp/1982160276,internal_pool,https://amazon.com
https://www.amazon.com/Colgate-Fresh-Disposable-Toothbrush-Peppermint/dp/B071DPCBQG,internal_pool,https://amazon.com
https://www.amazon.com/Comfort-Colors-Adult-Sleeve-1717/dp/B07M989JLF,internal_pool,https://amazon.com
https://www.amazon.com/Crest-3DWhite-Brilliance-Remover-Toothpaste/dp/B0DPNJ1RBQ,internal_pool,https://amazon.com
https://www.amazon.com/Crest-3DWhitestrips-Professional-Treatments-Whitening/dp/B09M5PXJ86,internal_pool,https://amazon.com
https://www.amazon.com/Crest-Brilliance-Peppermint-Toothpaste-Anticavity/dp/B0CPKNH9PS,internal_pool,https://amazon.com
https://www.amazon.com/Crest-Brilliance-Toothpaste-Anticavity-Protection/dp/B0CMW1FXMC,internal_pool,https://amazon.com
https://www.amazon.com/Crest-Professional-Whitestrips-Whitening-Treatments/dp/B00AHAWWO0,internal_pool,https://amazon.com
https://www.amazon.com/Crest-White-Luminous-Whitening-Toothpaste/dp/B09F8FZ18G,internal_pool,https://amazon.com
https://www.amazon.com/Crook-Cook-Platinum-Recipes-Kitchen/dp/1452179611,internal_pool,https://amazon.com
https://www.amazon.com/DEWALT-DCK240C2-Lithium-Driver-Impact/dp/B00IJ0ALYS,internal_pool,https://amazon.com
https://www.amazon.com/DEWALT-DCK940D2-Lithium-9-Tool-Combo/dp/B018TM1Q80,internal_pool,https://amazon.com
https://www.amazon.com/DEWALT-Performance-Batteries-Contractor-DCD771C2/dp/B00ET5VMTU,internal_pool,https://amazon.com
https://www.amazon.com/DII-Southwest-Collection-Tabletop-Runner/dp/B08L9SMPXG,internal_pool,https://amazon.com
https://www.amazon.com/DJI-Enhanced-Variable-Aperture-Batteries/dp/B0FNMPZ1RS,internal_pool,https://amazon.com
https://www.amazon.com/DJI-Mini-Lightweight-Foldable-Intelligent/dp/B0BL3T49JF,internal_pool,https://amazon.com
https://www.amazon.com/DJI-Stabilization-Transmission-Resistance-Battery/dp/B0CXJDDJ9X,internal_pool,https://amazon.com
https://www.amazon.com/Dickies-Multi-Pack-Dri-Tech-Moisture-Control/dp/B004QF0TFQ,internal_pool,https://amazon.com
https://www.amazon.com/Docking-Station-WD22TB4-WD19TBS-Mounting/dp/B0FCFHS63N,internal_pool,https://amazon.com
https://www.amazon.com/Dont-Believe-Everything-You-Think/dp/B09WPP7R6S,internal_pool,https://amazon.com
https://www.amazon.com/Douglas-2001-Chase-Border-Collie/dp/B000EI3REY,internal_pool,https://amazon.com
https://www.amazon.com/Dove-Shampoo-Intensive-Bio-Protein-Technology/dp/B0DK5SQRM8,internal_pool,https://amazon.com
https://www.amazon.com/Dove-Vanilla-Exfoliates-Nourishes-Radiant/dp/B0DNTZMKPR,internal_pool,https://amazon.com
https://www.amazon.com/Dreo-Bedroom-Oscillating-Circulator-Control/dp/B0BSHBTV4V,internal_pool,https://amazon.com
https://www.amazon.com/EXCEBET-Executive-Ergonomic-High-Back-Blue/dp/B0FNJ86YMD,internal_pool,https://amazon.com
https://www.amazon.com/Ekkovision-Lifting-Support-Comfortable-Enhanced/dp/B0DQPBR1RN,internal_pool,https://amazon.com
https://www.amazon.com/Epson-Wireless-Cartridge-Free-Supertank-AirPrint/dp/B0BHXNP6B1,internal_pool,https://amazon.com
https://www.amazon.com/Eyes-Wide-Shut-Criterion-Collection/dp/B0FN4RVN71,internal_pool,https://amazon.com
https://www.amazon.com/FANDAMEI-Weaving-Fishnet-Halloween-Cosplay/dp/B091GXB4V5,internal_pool,https://amazon.com
https://www.amazon.com/Fit-Fresh-Coolers-Freezer-Multi-Colored/dp/B08QDWMMW5,internal_pool,https://amazon.com
https://www.amazon.com/Fit-Simplify-Resistance-Exercise-Instruction/dp/B01AVDVHTI,internal_pool,https://amazon.com
https://www.amazon.com/Flashlight-LHKNL-Ultra-Light-Rechargeable-Waterproof/dp/B08D66HCXW,internal_pool,https://amazon.com
https://www.amazon.com/Fourth-Wing-Empyrean-Rebecca-Yarros/dp/1649377371,internal_pool,https://amazon.com
https://www.amazon.com/Franklin-Sports-Outdoor-Performance-Pickleballs/dp/B074P8MZW9,internal_pool,https://amazon.com
https://www.amazon.com/GIURKUU-Graduation-Anti-fall-Accessories-Graduates/dp/B0DK9315M1,internal_pool,https://amazon.com
https://www.amazon.com/Gaiam-Essentials-Yoga-Block-Set/dp/B075W63K67,internal_pool,https://amazon.com
https://www.amazon.com/Gildan-G2000-Cotton-T-Shirt-2-Pack/dp/B075ZZ7XKD,internal_pool,https://amazon.com
https://www.amazon.com/Gildan-T-Shirt-Multipack-Black-X-Large/dp/B07JCS8NRC,internal_pool,https://amazon.com
https://www.amazon.com/Google-Fitbit-Air-Screenless-Personalized/dp/B0GTMTZF3V,internal_pool,https://amazon.com
https://www.amazon.com/Google-Nest-Doorbell-Wired-3rd/dp/B0FN7GC1TJ,internal_pool,https://amazon.com
https://www.amazon.com/Google-Streamer-Streaming-Entertainment-Porcelain/dp/B0D8WJYSF9,internal_pool,https://amazon.com
https://www.amazon.com/Grad-Cap-Remix-ORIGINAL-Graduation/dp/B0D5QJVRB2,internal_pool,https://amazon.com
https://www.amazon.com/Gravity-Falls-Journal-Alex-Hirsch/dp/1484746694,internal_pool,https://amazon.com
https://www.amazon.com/Hanes-Available-Moisture-Wicking-Undershirts-Multipack/dp/B00D1ARZMC,internal_pool,https://amazon.com
https://www.amazon.com/Harvopu-Generation-Keyboard-Multi-Touch-Detachable/dp/B0CMWPDGZH,internal_pool,https://amazon.com
https://www.amazon.com/Het-Systeem-Samenleving-Systemisch-Management/dp/B0GQZNP25H,internal_pool,https://amazon.com
https://www.amazon.com/Hot-Wheels-Ultimate-Playset-Die-Cast/dp/B0BN15NTGG,internal_pool,https://amazon.com
https://www.amazon.com/Hotop-Plastic-Headbands-Craft-Accessories/dp/B0CLGD2L5Z,internal_pool,https://amazon.com
https://www.amazon.com/How-Know-She-Really-Loves/dp/B09S64XXM1,internal_pool,https://amazon.com
https://www.amazon.com/HyperX-Cloud-III-Multi-Platform-Detachable/dp/B0F6NZWPTC,internal_pool,https://amazon.com
https://www.amazon.com/InoPro-Natural-Whitening-Strips-Treatments/dp/B0D3VHMR3Z,internal_pool,https://amazon.com
https://www.amazon.com/Intex-Elevated-Dura-Beam-Internal-Electric/dp/B0869HGSVL,internal_pool,https://amazon.com
https://www.amazon.com/J-Ver-Shirts-Stretch-Wrinkle-Free-Regular/dp/B09JFR8HTV,internal_pool,https://amazon.com
https://www.amazon.com/Just-Men-AutoStop-Comb-Color/dp/B00IGGYAH4,internal_pool,https://amazon.com
https://www.amazon.com/KuaiLu-Support-Comfortable-Walking-Sandals/dp/B0C5ZRQS2X,internal_pool,https://amazon.com
https://www.amazon.com/LEVOIT-Replacement-High-Efficiency-Core-Mini-RF/dp/B09FK5PN4H,internal_pool,https://amazon.com
https://www.amazon.com/Lenovo-Idea-Tab-Touchscreen-Integrated/dp/B0FGYGBY3C,internal_pool,https://amazon.com
https://www.amazon.com/Lifewit-Compartments-Organizer-organizer-Non-Woven/dp/B0D1Q65BP1,internal_pool,https://amazon.com
https://www.amazon.com/Little-Tikes-Princess-Cozy-Coupe/dp/B01LY43OPA,internal_pool,https://amazon.com
https://www.amazon.com/MANUEKLEAR-Non-Slip-Weightlifting-Deadlifting-Neoprene/dp/B0F7WW1S89,internal_pool,https://amazon.com
https://www.amazon.com/MEKO-Sensitivity-Capacitive-Touchscreen-Pack-Black/dp/B0C5SJ23HT,internal_pool,https://amazon.com
https://www.amazon.com/MNN-Portable-15-6inch-Ultra-Slim-Speakers/dp/B0B9NNWXVP,internal_pool,https://amazon.com
https://www.amazon.com/MOBDIK-Paperfeel-Compatible-Generation-Installation/dp/B0BD9P8CFG,internal_pool,https://amazon.com
https://www.amazon.com/MOSISO-Compatible-MacBook-Keyboard-Protector/dp/B0B7H3V2V7,internal_pool,https://amazon.com
https://www.amazon.com/MOSISO-Polyester-Vertical-Repellent-Compatible/dp/B01N6M1Y9N,internal_pool,https://amazon.com
https://www.amazon.com/MSR90-Magnetic-Credit-Reader-Deftun/dp/B01DUB4GVO,internal_pool,https://amazon.com
https://www.amazon.com/Mandalorian-Season-2-4K-UHD/dp/B0CGM6LLRN,internal_pool,https://amazon.com
https://www.amazon.com/Metapen-2018-2024-Precise-Sensitivity-13-inch/dp/B09ZTXVNVD,internal_pool,https://amazon.com
https://www.amazon.com/MoKo-Generation-Stand-Translucent-Support/dp/B0B8STRJYJ,internal_pool,https://amazon.com
https://www.amazon.com/Monopoly-Officially-Licensed-Inspired-Empyrean/dp/B0G2TD7S6M,internal_pool,https://amazon.com
https://www.amazon.com/Nalgene-Water-Bottle-Lightweight-Shatterproof/dp/B0CVNCHMFM,internal_pool,https://amazon.com
https://www.amazon.com/Nelko-P21-Bluetooth-Templates-Organizing/dp/B0C3L93F2Q,internal_pool,https://amazon.com
https://www.amazon.com/Neutrogena-Anti-Oxidant-Sunscreen-Spectrum-Oil-Free/dp/B005IHVWTS,internal_pool,https://amazon.com
https://www.amazon.com/Neutrogena-Oil-Free-Sunscreen-Sweatproof-Waterproof/dp/B001P92FMG,internal_pool,https://amazon.com
https://www.amazon.com/Nizoral-Anti-Dandruff-Shampoo-Ketoconazole-Dandruff/dp/B00AINMFAC,internal_pool,https://amazon.com
https://www.amazon.com/Nizoral-Psoriasis-Shampoo-Conditioner-Scalp/dp/B08QN72JCY,internal_pool,https://amazon.com
https://www.amazon.com/OGX-ProGrowth-Protectant-Instantly-Protecting/dp/B0FSNPJV7H,internal_pool,https://amazon.com
https://www.amazon.com/Olay-Smoothing-Retinol-Moisturizing-Absorbing/dp/B0D7WSF4MT,internal_pool,https://amazon.com
https://www.amazon.com/Oral-B-Glide-Pro-Health-Dental-Original/dp/B001F51RAG,internal_pool,https://amazon.com
https://www.amazon.com/Organic-Honduras-Promotes-Thickness-Prevents/dp/B0DSHXCT4N,internal_pool,https://amazon.com
https://www.amazon.com/Our-Iceberg-Melting-Succeeding-Conditions/dp/0399563911,internal_pool,https://amazon.com
https://www.amazon.com/Overcoming-Fear-Death-Richard-Gehman/dp/159452727X,internal_pool,https://amazon.com
https://www.amazon.com/Owala-FreeSip-Insulated-Stainless-BPA-Free/dp/B0BZYCJK89,internal_pool,https://amazon.com
https://www.amazon.com/Owala-FreeSip-Insulated-Stainless-BPA-Free/dp/B0FJN3BTPV,internal_pool,https://amazon.com
https://www.amazon.com/Owala-FreeSip-Insulated-Stainless-Daybreak/dp/B0FFTL7QNC,internal_pool,https://amazon.com
https://www.amazon.com/PHILIPS-Frameless-Replacement-Warranty-241V8LB/dp/B0C8ZKV5R9,internal_pool,https://amazon.com
https://www.amazon.com/PYD-Life-Sublimation-Convection-Tumblers/dp/B0CPSNL8BN,internal_pool,https://amazon.com
https://www.amazon.com/Palmers-Moisture-Drenching-Hydration-Dermatologist/dp/B0FB9LRL1V,internal_pool,https://amazon.com
https://www.amazon.com/Pedals-Simulator-Wheelbase-Unbeatable-Durable-11-Inch/dp/B0DL51ZY3T,internal_pool,https://amazon.com
https://www.amazon.com/Praktische-gids-huwelijksceremonie-dierbare-leiden/dp/9082715201,internal_pool,https://amazon.com
https://www.amazon.com/Praying-Husband-Chayil-Prayer-Journal/dp/B0C5P587ZK,internal_pool,https://amazon.com
https://www.amazon.com/Precision-Sensitivity-Suitable-Android-Compatible/dp/B0CLXJ2TY6,internal_pool,https://amazon.com
https://www.amazon.com/ROG-B550-F-II-Motherboard-Addressable/dp/B09GP7P1XS,internal_pool,https://amazon.com
https://www.amazon.com/Rainleaf-Microfiber-Perfect-Travel-Camping/dp/B01K1TX77W,internal_pool,https://amazon.com
https://www.amazon.com/Reaction-Tackle-Blue-Camo-150yd/dp/B01N1HEY0M,internal_pool,https://amazon.com
https://www.amazon.com/Rejection-Compatible-2018-2021-Precise-Writing/dp/B0831BF1FH,internal_pool,https://amazon.com
https://www.amazon.com/Remington-MB6850-Stubble-Adjustable-Settings/dp/B07MC8WNXJ,internal_pool,https://amazon.com
https://www.amazon.com/Roadbox-Protection-Outdoor-Rashguard-Campanula/dp/B08BFKM7VT,internal_pool,https://amazon.com
https://www.amazon.com/Royale-High-Light-Fairy-Fashion/dp/B0CNHXWQT1,internal_pool,https://amazon.com
https://www.amazon.com/Rustler-Classic-Relaxed-Stonewash-36x32/dp/B07LGVSPKF,internal_pool,https://amazon.com
https://www.amazon.com/SATC-Sandpaper-Adhesive-Automotive-Woodworking/dp/B09ZPGDWZV,internal_pool,https://amazon.com
https://www.amazon.com/SPARIN-Compatible-iPad-10th-2022/dp/B0BKL7KD6Y,internal_pool,https://amazon.com
https://www.amazon.com/Sampeel-Palazzo-Vacation-Clothes-Clothing/dp/B0FP5BYXVR,internal_pool,https://amazon.com
https://www.amazon.com/Samsung-Optimized-Performance-Expandable-Speakers/dp/B0FVXMHHRP,internal_pool,https://amazon.com
https://www.amazon.com/Samsung-Response-Compatible-FreeSyncTM-LS27FG500SNXZA/dp/B0FNQDNGXY,internal_pool,https://amazon.com
https://www.amazon.com/Shred-Happens-Protein-Packed-Mediterranean-Favorites/dp/0593796535,internal_pool,https://amazon.com
https://www.amazon.com/Speedo-Unisex-Child-Swim-Goggles-Sunny/dp/B0DM5KJ7FJ,internal_pool,https://amazon.com
https://www.amazon.com/Spiritual-Disciplines-Handbook-Practices-Transform/dp/0830846050,internal_pool,https://amazon.com
https://www.amazon.com/Stanley-Classic-Vacuum-Bottle-Hammertone/dp/B000FZX93K,internal_pool,https://amazon.com
https://www.amazon.com/Stanley-Legendary-Classic-Bottle-Black/dp/B0DDPVT25T,internal_pool,https://amazon.com
https://www.amazon.com/Stanley-Resistant-Insulated-Stainless-BPA-Free/dp/B0DR9ML5X9,internal_pool,https://amazon.com
https://www.amazon.com/Steak-House-People-Places-Recipes/dp/1984862294,internal_pool,https://amazon.com
https://www.amazon.com/Still-Lost-Tales-Sam-Miller/dp/B0GNSRBQM6,internal_pool,https://amazon.com
https://www.amazon.com/Stylus-Compatible-Samsung-Chromebook-Screens/dp/B08Q7L85X2,internal_pool,https://amazon.com
https://www.amazon.com/THAYERS-Mushroom-Hyaluronic-Natural-Sensitive/dp/B0BQCRH6D8,internal_pool,https://amazon.com
https://www.amazon.com/TP-Link-Deco-BE25-AI-Roaming-3-Pack/dp/B0DKVDZXSN,internal_pool,https://amazon.com
https://www.amazon.com/TUBBZ-Collectible-Vinyl-Rubber-Figure/dp/B0CM9YV2HV,internal_pool,https://amazon.com
https://www.amazon.com/Tangle-Free-Jumping-Bearings-Adjustable-Handles/dp/B09DF9NWC7,internal_pool,https://amazon.com
https://www.amazon.com/Tapo-Self-Emptying-Max-RV30-Plus/dp/B0DGRJKDKC,internal_pool,https://amazon.com
https://www.amazon.com/Taylor-Swift-All-Songs-Behind/dp/0762489294,internal_pool,https://amazon.com
https://www.amazon.com/Tell-More-Conversation-Questions-Connection/dp/B0BNK3FJTX,internal_pool,https://amazon.com
https://www.amazon.com/Thief-Criterion-Collection-4K-UHD/dp/B0DQF143DT,internal_pool,https://amazon.com
https://www.amazon.com/Torbot-IM074407W314832-Adhesive-Latex-Free-Hypo-allergenic/dp/B07K25BK8V,internal_pool,https://amazon.com
https://www.amazon.com/Tree-Hut-Sugar-Exfoliating-Pineapple/dp/B09VD77JVB,internal_pool,https://amazon.com
https://www.amazon.com/Trendy-Queen-Crewneck-Fashion-Clothes/dp/B0CYC5GDYP,internal_pool,https://amazon.com
https://www.amazon.com/Trendy-Queen-Womens-Fashion-Clothing/dp/B0G13Z2LD7,internal_pool,https://amazon.com
https://www.amazon.com/Untitled-Empyrean-Not-Book-Four/dp/168281808X,internal_pool,https://amazon.com
https://www.amazon.com/Vanicream-Gentle-Cleanser-sensitive-Dispenser/dp/B00QY1XZ4W,internal_pool,https://amazon.com
https://www.amazon.com/Vaseline-Glisten-Vanilla-Shimmering-Ultra-Hydrating/dp/B0FD8VWSNJ,internal_pool,https://amazon.com
https://www.amazon.com/Vaseline-Glisten-Vanilla-Shimmering-Ultra-Hydrating/dp/B0FD8W456T,internal_pool,https://amazon.com
https://www.amazon.com/Vaseline-Over-Jelly-Stick-Travel/dp/B084PJZ1TM,internal_pool,https://amazon.com
https://www.amazon.com/Wall-Control-Pegboard-Galvanized-Metal/dp/B00ALX1FNW,internal_pool,https://amazon.com
https://www.amazon.com/WheelBase-11-inch-Steering-Simulator-Gaming-Console/dp/B0BFD5PK8M,internal_pool,https://amazon.com
https://www.amazon.com/Wilson-Sporting-Goods-Championship-Tennis/dp/B001FZCVTM,internal_pool,https://amazon.com
https://www.amazon.com/Wireless-Microphone-Transmission-Ultralight-Cancelling-Streaming/dp/B0FQJH54TR,internal_pool,https://amazon.com
https://www.amazon.com/Womens-Floral-Sleeve-Kimono-Cardigan/dp/B07SN9RS13,internal_pool,https://amazon.com
https://www.amazon.com/Wrangler-Authentics-Classic-Stretch-Gunmetal/dp/B0BT51D747,internal_pool,https://amazon.com
https://www.amazon.com/YEOREO-Workout-Leggings-Straight-Buttery/dp/B0FG298Z4H,internal_pool,https://amazon.com
https://www.amazon.com/YINGZON-Resealable-Double-sided-Matte-Packaging/dp/B0DJZXSRBH,internal_pool,https://amazon.com
https://www.amazon.com/Z-Marriage-Kingsley-Mildred-Okonkwo/dp/B0BXMWWB1N,internal_pool,https://amazon.com
https://www.amazon.com/ZELUS-Weighted-Reflective-Strength-Weightlifting/dp/B07518RBH2,internal_pool,https://amazon.com
https://www.amazon.com/Zeerun-Reflective-Adjustable-Comfortable-10LBS-Black/dp/B0FG7WXNP3,internal_pool,https://amazon.com
https://www.amazon.com/ap/register,internal_pool,https://amazon.com
https://www.amazon.com/ap/signin,internal_pool,https://amazon.com
https://www.amazon.com/b,internal_pool,https://amazon.com
https://www.amazon.com/business,internal_pool,https://amazon.com
https://www.amazon.com/crocs-Unisex-Classic-Black-Women/dp/B0014C0LUC,internal_pool,https://amazon.com
https://www.amazon.com/customer-preferences/country,internal_pool,https://amazon.com
https://www.amazon.com/customer-preferences/edit,internal_pool,https://amazon.com
https://www.amazon.com/dp/B07984JN3L,internal_pool,https://amazon.com
https://www.amazon.com/dp/B0CHTVMXZJ,internal_pool,https://amazon.com
https://www.amazon.com/eos-Cashmere-Collection-Vanilla-Area-Approved/dp/B0CPYQZR23,internal_pool,https://amazon.com
https://www.amazon.com/eos-Cashmere-Moisture-Lightweight-Non-Greasy/dp/B08KT2Z93D,internal_pool,https://amazon.com
https://www.amazon.com/eos-Moisturizing-Nourishing-Phthalate-Sensitive/dp/B0DPHQRLJC,internal_pool,https://amazon.com
https://www.amazon.com/eos-Whipped-Oil-Body-Butter/dp/B0CRQYQBZ4,internal_pool,https://amazon.com
https://www.amazon.com/gift-cards/b,internal_pool,https://amazon.com
https://www.amazon.com/gp/browse.html,internal_pool,https://amazon.com
https://www.amazon.com/gp/cart/view.html,internal_pool,https://amazon.com
https://www.amazon.com/gp/css/homepage.html,internal_pool,https://amazon.com
https://www.amazon.com/gp/css/order-history,internal_pool,https://amazon.com
https://www.amazon.com/gp/css/returns/homepage.html,internal_pool,https://amazon.com
https://www.amazon.com/gp/digital/fiona/manage,internal_pool,https://amazon.com
https://www.amazon.com/gp/goldbox,internal_pool,https://amazon.com
https://www.amazon.com/gp/help/customer/accessibility,internal_pool,https://amazon.com
https://www.amazon.com/gp/help/customer/display.html,internal_pool,https://amazon.com
https://www.amazon.com/gp/history,internal_pool,https://amazon.com
https://www.amazon.com/gp/kindle/ku/ku_central,internal_pool,https://amazon.com
https://www.amazon.com/gp/seller-account/mm-summary-page.html,internal_pool,https://amazon.com
https://www.amazon.com/gp/subscribe-and-save/manager/viewsubscriptions,internal_pool,https://amazon.com
https://www.amazon.com/gp/video/library,internal_pool,https://amazon.com
https://www.amazon.com/gp/video/watchlist,internal_pool,https://amazon.com
https://www.amazon.com/gp/yourstore,internal_pool,https://amazon.com
https://www.amazon.com/hz/mycd/myx,internal_pool,https://amazon.com
https://www.amazon.com/hz/wishlist/ls,internal_pool,https://amazon.com
https://www.amazon.com/hz5/yourmembershipsandsubscriptions,internal_pool,https://amazon.com
https://www.amazon.com/ir,internal_pool,https://amazon.com
https://www.amazon.com/privacyprefs,internal_pool,https://amazon.com
https://www.amazon.com/ref=nav_logo,internal_pool,https://amazon.com
https://www.amazon.com/registries,internal_pool,https://amazon.com
https://www.amazon.com/s,internal_pool,https://amazon.com
https://www.amazon.com/slc/hub,internal_pool,https://amazon.com
https://tiktok.com,homepage,https://tiktok.com
https://www.tiktok.com/@,internal_pool,https://tiktok.com
https://www.tiktok.com/@lylys.kitchen,internal_pool,https://tiktok.com
https://www.tiktok.com/@quikmotivationn,internal_pool,https://tiktok.com
https://www.tiktok.com/explore,internal_pool,https://tiktok.com
https://www.tiktok.com/following,internal_pool,https://tiktok.com
https://www.tiktok.com/legal/update-on-irish-gdpr-decision,internal_pool,https://tiktok.com
https://www.tiktok.com/live,internal_pool,https://tiktok.com
https://www.tiktok.com/music/SIN-SLOWED-7301780315835156481,internal_pool,https://tiktok.com
https://www.tiktok.com/music/original-sound-Lyly's-Kitchen-%D9%85%D8%B7%D8%A8%D8%AE-%D9%84%D9%8A%D9%84%D9%8A-7610878464053119765,internal_pool,https://tiktok.com
https://www.tiktok.com/tag/discipline,internal_pool,https://tiktok.com
https://www.tiktok.com/tag/fitness,internal_pool,https://tiktok.com
https://www.tiktok.com/tag/fitnessmotivation,internal_pool,https://tiktok.com
https://www.tiktok.com/tag/focusonyourself,internal_pool,https://tiktok.com
https://www.tiktok.com/tag/foryou,internal_pool,https://tiktok.com
https://www.tiktok.com/tag/fyp,internal_pool,https://tiktok.com
https://www.tiktok.com/tag/gymlife,internal_pool,https://tiktok.com
https://www.tiktok.com/tag/gymtok,internal_pool,https://tiktok.com
https://www.tiktok.com/tag/mentality,internal_pool,https://tiktok.com
https://www.tiktok.com/tag/mindset,internal_pool,https://tiktok.com
https://www.tiktok.com/tag/mindsetmotivation,internal_pool,https://tiktok.com
https://www.tiktok.com/tag/motivation,internal_pool,https://tiktok.com
https://www.tiktok.com/tag/nevergiveup,internal_pool,https://tiktok.com
https://www.tiktok.com/tag/prime,internal_pool,https://tiktok.com
https://www.tiktok.com/tag/success,internal_pool,https://tiktok.com
https://www.tiktok.com/tag/viral,internal_pool,https://tiktok.com
https://www.tiktok.com/tag/wewillwin,internal_pool,https://tiktok.com
https://www.tiktok.com/tiktokstudio/upload,internal_pool,https://tiktok.com
https://yahoo.co.jp,homepage,https://yahoo.co.jp
https://reddit.com,homepage,https://reddit.com
https://www.reddit.com/login,internal_pool,https://reddit.com
https://docomo.ne.jp,homepage,https://docomo.ne.jp
https://dzen.ru,homepage,https://dzen.ru
https://dzen.ru/a/aebyq7YhIUDRFFdB,internal_pool,https://dzen.ru
https://dzen.ru/a/aei2qgocbHFoR5tO,internal_pool,https://dzen.ru
https://dzen.ru/a/afmcO1gRSTPZMFIs,internal_pool,https://dzen.ru
https://dzen.ru/a/agK0uy3j6W7Fb6K0,internal_pool,https://dzen.ru
https://dzen.ru/a/agRBuCCMUGqogYjd,internal_pool,https://dzen.ru
https://dzen.ru/a/agXyMRUdvlFXmOeh,internal_pool,https://dzen.ru
https://dzen.ru/a/agY8NIerXmXgTL3L,internal_pool,https://dzen.ru
https://dzen.ru/a/agcPFxUdvlFXmniv,internal_pool,https://dzen.ru
https://dzen.ru/a/agh4BxCabGjYuWhP,internal_pool,https://dzen.ru
https://dzen.ru/about,internal_pool,https://dzen.ru
https://dzen.ru/about/careers,internal_pool,https://dzen.ru
https://dzen.ru/articles,internal_pool,https://dzen.ru
https://dzen.ru/bepowerback,internal_pool,https://dzen.ru
https://dzen.ru/cenyavto.com,internal_pool,https://dzen.ru
https://dzen.ru/explore,internal_pool,https://dzen.ru
https://dzen.ru/fromtheothershore,internal_pool,https://dzen.ru
https://dzen.ru/id/65e86d42412c431bd2876d6f,internal_pool,https://dzen.ru
https://dzen.ru/igorfaynman,internal_pool,https://dzen.ru
https://dzen.ru/konyakhinaa,internal_pool,https://dzen.ru
https://dzen.ru/modniizavet,internal_pool,https://dzen.ru
https://dzen.ru/news,internal_pool,https://dzen.ru
https://dzen.ru/news/rubric/chronologic,internal_pool,https://dzen.ru
https://dzen.ru/news/rubric/quotes/0,internal_pool,https://dzen.ru
https://dzen.ru/news/rubric/quotes/1,internal_pool,https://dzen.ru
https://dzen.ru/news/rubric/quotes/2,internal_pool,https://dzen.ru
https://dzen.ru/news/story/070ba569-7f7c-528e-91ba-ac6a32f6e721,internal_pool,https://dzen.ru
https://dzen.ru/news/story/3b52536e-0d2c-53e2-b4f2-04f647f0a913,internal_pool,https://dzen.ru
https://dzen.ru/news/story/4f648674-5fe7-5dae-af19-ad3b80a4daf3,internal_pool,https://dzen.ru
https://dzen.ru/news/story/57448f0f-8612-5911-bef0-a4e47de28274,internal_pool,https://dzen.ru
https://dzen.ru/news/story/59bb7f69-07c5-5bf1-8d6c-17afbc060b7e,internal_pool,https://dzen.ru
https://dzen.ru/news/story/79e3c8de-ef4f-5b75-87e7-b42071c25df5,internal_pool,https://dzen.ru
https://dzen.ru/news/story/7d5cb111-760a-5c57-99f2-36cf931c7e1e,internal_pool,https://dzen.ru
https://dzen.ru/news/story/92a99e63-adfb-50f2-9556-ebe76b5fe796,internal_pool,https://dzen.ru
https://dzen.ru/news/story/a714d4cb-9209-5eba-9358-4b021a170854,internal_pool,https://dzen.ru
https://dzen.ru/news/story/bd36914a-5674-595f-b53a-42129af38f75,internal_pool,https://dzen.ru
https://dzen.ru/news/story/c92ac158-9ebb-503d-be77-71fe7a8be2f0,internal_pool,https://dzen.ru
https://dzen.ru/news/story/dcab55bd-7f12-51f4-be32-e2d5132efc17,internal_pool,https://dzen.ru
https://dzen.ru/news/story/e2f4d4a7-559e-5162-be92-63aea9b8fe88,internal_pool,https://dzen.ru
https://dzen.ru/news/story/e9192c09-3734-5aa7-aeb1-d93f8e91f3a5,internal_pool,https://dzen.ru
https://dzen.ru/news/story/f47c6f01-9d59-56ff-81b6-6c4c0aee8fb8,internal_pool,https://dzen.ru
https://dzen.ru/newslipetsk.ru,internal_pool,https://dzen.ru
https://dzen.ru/pochinka_blog,internal_pool,https://dzen.ru
https://dzen.ru/pogoda/213,internal_pool,https://dzen.ru
https://dzen.ru/shorts,internal_pool,https://dzen.ru
https://dzen.ru/sportfakt24,internal_pool,https://dzen.ru
https://dzen.ru/subscriptions-manager,internal_pool,https://dzen.ru
https://dzen.ru/topic/19711,internal_pool,https://dzen.ru
https://dzen.ru/topic/auto,internal_pool,https://dzen.ru
https://dzen.ru/topic/culture,internal_pool,https://dzen.ru
https://dzen.ru/topic/economy,internal_pool,https://dzen.ru
https://dzen.ru/topic/games,internal_pool,https://dzen.ru
https://dzen.ru/topic/it,internal_pool,https://dzen.ru
https://dzen.ru/topic/kazanforum-2026,internal_pool,https://dzen.ru
https://dzen.ru/topic/multiki,internal_pool,https://dzen.ru
https://dzen.ru/topic/novye-lica-dzena,internal_pool,https://dzen.ru
https://dzen.ru/topic/obshchestvo,internal_pool,https://dzen.ru
https://dzen.ru/topic/politika,internal_pool,https://dzen.ru
https://dzen.ru/topic/proisshestviya,internal_pool,https://dzen.ru
https://dzen.ru/topic/science,internal_pool,https://dzen.ru
https://dzen.ru/topic/shou-biznes,internal_pool,https://dzen.ru
https://dzen.ru/topic/sobytiya-v-mire,internal_pool,https://dzen.ru
https://dzen.ru/topic/svo-tema,internal_pool,https://dzen.ru
https://dzen.ru/tricolor_sport,internal_pool,https://dzen.ru
https://dzen.ru/vertdider,internal_pool,https://dzen.ru
https://dzen.ru/video,internal_pool,https://dzen.ru
https://dzen.ru/video/watch/6943e4aa2b8b7409c5e860a8,internal_pool,https://dzen.ru
https://dzen.ru/video/watch/697927d0d536cd3f66a761f4,internal_pool,https://dzen.ru
https://dzen.ru/video/watch/6a05d84b208c506aa84050a2,internal_pool,https://dzen.ru
https://dzen.ru/video/watch/6a06dd18a62f460406ede1b1,internal_pool,https://dzen.ru
https://dzen.ru/video/watch/6a0708526d579f571577b42d,internal_pool,https://dzen.ru
https://dzen.ru/video/watch/6a08a8d2a62f4604069b7c6a,internal_pool,https://dzen.ru
https://dzen.ru/zatonevkredit,internal_pool,https://dzen.ru
https://dzen.ru/zr.ru,internal_pool,https://dzen.ru
https://bing.com/search?q=cats,homepage,https://bing.com/search?q=cats
https://www.bing.com,internal_pool,https://bing.com/search?q=cats
https://www.bing.com/ck/a,internal_pool,https://bing.com/search?q=cats
https://www.bing.com/copilotsearch,internal_pool,https://bing.com/search?q=cats
https://www.bing.com/images,internal_pool,https://bing.com/search?q=cats
https://www.bing.com/search,internal_pool,https://bing.com/search?q=cats
https://samsung.com,homepage,https://samsung.com
https://www.samsung.com/global/ir,internal_pool,https://samsung.com
https://www.samsung.com/nl,internal_pool,https://samsung.com
https://www.samsung.com/nl/about-us/brand-identity,internal_pool,https://samsung.com
https://www.samsung.com/nl/about-us/business-area,internal_pool,https://samsung.com
https://www.samsung.com/nl/about-us/company-info,internal_pool,https://samsung.com
https://www.samsung.com/nl/about-us/ethics,internal_pool,https://samsung.com
https://www.samsung.com/nl/aboutsamsung/career,internal_pool,https://samsung.com
https://www.samsung.com/nl/aboutsamsung/talents-of-the-future,internal_pool,https://samsung.com
https://www.samsung.com/nl/accessories,internal_pool,https://samsung.com
https://www.samsung.com/nl/ai-products,internal_pool,https://samsung.com
https://www.samsung.com/nl/aisearch,internal_pool,https://samsung.com
https://www.samsung.com/nl/apps,internal_pool,https://samsung.com
https://www.samsung.com/nl/apps/samsung-health,internal_pool,https://samsung.com
https://www.samsung.com/nl/audio-accessories/all-audio-accessories,internal_pool,https://samsung.com
https://www.samsung.com/nl/audio-devices/all-audio-devices,internal_pool,https://samsung.com
https://www.samsung.com/nl/audio-devices/help-me-choose,internal_pool,https://samsung.com
https://www.samsung.com/nl/audio-devices/soundbar/q990f-black-hw-q990f-xn,internal_pool,https://samsung.com
https://www.samsung.com/nl/audio-sound/all-audio-sound,internal_pool,https://samsung.com
https://www.samsung.com/nl/audio-sound/galaxy-buds4-pro/buy,internal_pool,https://samsung.com
https://www.samsung.com/nl/business,internal_pool,https://samsung.com
https://www.samsung.com/nl/buy-direct-get-more,internal_pool,https://samsung.com
https://www.samsung.com/nl/buying-guide/galaxy-book,internal_pool,https://samsung.com
https://www.samsung.com/nl/buying-guide/memory,internal_pool,https://samsung.com
https://www.samsung.com/nl/computer-accessories/all-computer-accessories,internal_pool,https://samsung.com
https://www.samsung.com/nl/computers/all-computers,internal_pool,https://samsung.com
https://www.samsung.com/nl/computers/galaxy-book-copilot-plus-pcs,internal_pool,https://samsung.com
https://www.samsung.com/nl/computers/galaxy-book/galaxy-book6-series/buy,internal_pool,https://samsung.com
https://www.samsung.com/nl/cooking-appliances/hobs,internal_pool,https://samsung.com
https://www.samsung.com/nl/cooking-appliances/hoods,internal_pool,https://samsung.com
https://www.samsung.com/nl/cooking-appliances/ovens,internal_pool,https://samsung.com
https://www.samsung.com/nl/cooking-appliances/ovens/nv7000b-4series-dual-cook-flex-simple-steam-4series-dual-cook-flex-simple-steam-nv7b4550uab-u1,internal_pool,https://samsung.com
https://www.samsung.com/nl/dishwashers/all-dishwashers,internal_pool,https://samsung.com
https://www.samsung.com/nl/explore,internal_pool,https://samsung.com
https://www.samsung.com/nl/function/ipredirection/ipredirectionLocalList,internal_pool,https://samsung.com
https://www.samsung.com/nl/galaxy-ai,internal_pool,https://samsung.com
https://www.samsung.com/nl/home-appliance-accessories/all-home-appliance-accessories,internal_pool,https://samsung.com
https://www.samsung.com/nl/home-appliances/ai-energy-saving,internal_pool,https://samsung.com
https://www.samsung.com/nl/home-appliances/bespoke-ai-smartthings,internal_pool,https://samsung.com
https://www.samsung.com/nl/home-appliances/bespoke-home,internal_pool,https://samsung.com
https://www.samsung.com/nl/home-appliances/buying-guide,internal_pool,https://samsung.com
https://www.samsung.com/nl/home-appliances/why-samsung-appliances,internal_pool,https://samsung.com
https://www.samsung.com/nl/info/legal,internal_pool,https://samsung.com
https://www.samsung.com/nl/info/privacy,internal_pool,https://samsung.com
https://www.samsung.com/nl/info/privacy/cookie-policy,internal_pool,https://samsung.com
https://www.samsung.com/nl/info/sitemap,internal_pool,https://samsung.com
https://www.samsung.com/nl/inruil,internal_pool,https://samsung.com
https://www.samsung.com/nl/jbl-harman-kardon/all-jbl-harman-kardon,internal_pool,https://samsung.com
https://www.samsung.com/nl/lifestyle-tvs/the-frame,internal_pool,https://samsung.com
https://www.samsung.com/nl/lifestyle-tvs/the-frame/highlights,internal_pool,https://samsung.com
https://www.samsung.com/nl/lifestyle-tvs/the-frame/ls03fw-65-inch-black-qe65ls03fwuxxn,internal_pool,https://samsung.com
https://www.samsung.com/nl/lifestyle-tvs/the-frame/ls03fw-75-inch-black-qe75ls03fwuxxn,internal_pool,https://samsung.com
https://www.samsung.com/nl/lifestyle-tvs/the-serif,internal_pool,https://samsung.com
https://www.samsung.com/nl/lifestyle-tvs/the-terrace,internal_pool,https://samsung.com
https://www.samsung.com/nl/members,internal_pool,https://samsung.com
https://www.samsung.com/nl/memory-storage/all-memory-storage,internal_pool,https://samsung.com
https://www.samsung.com/nl/micro-led/highlights,internal_pool,https://samsung.com
https://www.samsung.com/nl/microwave-ovens/all-microwave-ovens,internal_pool,https://samsung.com
https://www.samsung.com/nl/mobile,internal_pool,https://samsung.com
https://www.samsung.com/nl/mobile-accessories/all-mobile-accessories,internal_pool,https://samsung.com
https://www.samsung.com/nl/mobile/find-your-galaxy,internal_pool,https://samsung.com
https://www.samsung.com/nl/mobile/switch-to-galaxy,internal_pool,https://samsung.com
https://www.samsung.com/nl/monitors/all-monitors,internal_pool,https://samsung.com
https://www.samsung.com/nl/monitors/gaming/odyssey-g5-g50f-32-inch-180hz-qhd-ls32fg502euxen,internal_pool,https://samsung.com
https://www.samsung.com/nl/monitors/gaming/odyssey-oled-g8-g81sf-32-inch-240hz-oled-uhd-ls32fg812suxen,internal_pool,https://samsung.com
https://www.samsung.com/nl/monitors/help-me-choose,internal_pool,https://samsung.com
https://www.samsung.com/nl/monitors/monitor-buying-guide,internal_pool,https://samsung.com
https://www.samsung.com/nl/monitors/odyssey-gaming-monitor,internal_pool,https://samsung.com
https://www.samsung.com/nl/monitors/smart-monitor,internal_pool,https://samsung.com
https://www.samsung.com/nl/monitors/viewfinity-high-resolution-monitor,internal_pool,https://samsung.com
https://www.samsung.com/nl/movable-screens/the-movingstyle/lsm7f-27-inch-ue27lsm7faxxxe,internal_pool,https://samsung.com
https://www.samsung.com/nl/mypage,internal_pool,https://samsung.com
https://www.samsung.com/nl/mypage/myproducts,internal_pool,https://samsung.com
https://www.samsung.com/nl/mypage/myrepair/track-repair,internal_pool,https://samsung.com
https://www.samsung.com/nl/mypage/rewards,internal_pool,https://samsung.com
https://www.samsung.com/nl/offer,internal_pool,https://samsung.com
https://www.samsung.com/nl/offer/computing,internal_pool,https://samsung.com
https://www.samsung.com/nl/offer/football-moments,internal_pool,https://samsung.com
https://www.samsung.com/nl/offer/home-appliances,internal_pool,https://samsung.com
https://www.samsung.com/nl/offer/mobile,internal_pool,https://samsung.com
https://www.samsung.com/nl/offer/samsung-care-plus,internal_pool,https://samsung.com
https://www.samsung.com/nl/offer/tvs-and-soundbars,internal_pool,https://samsung.com
https://www.samsung.com/nl/one-ui,internal_pool,https://samsung.com
https://www.samsung.com/nl/projectors/all-projectors,internal_pool,https://samsung.com
https://www.samsung.com/nl/refrigerators/all-refrigerators,internal_pool,https://samsung.com
https://www.samsung.com/nl/refrigerators/bottom-mount-freezer/bottom-mount-freezer-with-smartthings-ai-energy-mo-387l-black-rb38c607ab1-ef,internal_pool,https://samsung.com
https://www.samsung.com/nl/refrigerators/side-by-side/refrigerator-sbs-rs90f-aod-634l-black-doi-rs80f66kbfef,internal_pool,https://samsung.com
https://www.samsung.com/nl/refrigerators/side-by-side/refrigerator-sbs-rs90f-basic-634l-silver-rs70f64kdtef,internal_pool,https://samsung.com
https://www.samsung.com/nl/rewards,internal_pool,https://samsung.com
https://www.samsung.com/nl/rings/all-rings,internal_pool,https://samsung.com
https://www.samsung.com/nl/servicecenter,internal_pool,https://samsung.com
https://www.samsung.com/nl/shop-faq,internal_pool,https://samsung.com
https://www.samsung.com/nl/shop-faq/payment-and-financing,internal_pool,https://samsung.com
https://www.samsung.com/nl/shop-faq/products-and-orders,internal_pool,https://samsung.com
https://www.samsung.com/nl/shop-faq/returns-and-cancellations,internal_pool,https://samsung.com
https://www.samsung.com/nl/smartphones/all-smartphones,internal_pool,https://samsung.com
https://www.samsung.com/nl/smartphones/galaxy-a/galaxy-a57-5g/buy,internal_pool,https://samsung.com
https://www.samsung.com/nl/smartphones/galaxy-s26-ultra,internal_pool,https://samsung.com
https://www.samsung.com/nl/smartphones/galaxy-s26-ultra/buy,internal_pool,https://samsung.com
https://www.samsung.com/nl/smartphones/galaxy-z-flip7/buy,internal_pool,https://samsung.com
https://www.samsung.com/nl/smartphones/galaxy-z-fold7/buy,internal_pool,https://samsung.com
https://www.samsung.com/nl/smartthings,internal_pool,https://samsung.com
https://www.samsung.com/nl/support,internal_pool,https://samsung.com
https://www.samsung.com/nl/support/contact,internal_pool,https://samsung.com
https://www.samsung.com/nl/support/contact/email-the-ceo,internal_pool,https://samsung.com
https://www.samsung.com/nl/support/galaxy-z-premier-service,internal_pool,https://samsung.com
https://www.samsung.com/nl/support/how-to-videos,internal_pool,https://samsung.com
https://www.samsung.com/nl/support/newsalert,internal_pool,https://samsung.com
https://www.samsung.com/nl/support/regulatory-information,internal_pool,https://samsung.com
https://www.samsung.com/nl/support/repair,internal_pool,https://samsung.com
https://www.samsung.com/nl/support/repair/booking,internal_pool,https://samsung.com
https://www.samsung.com/nl/support/user-manuals-and-guide,internal_pool,https://samsung.com
https://www.samsung.com/nl/support/warranty,internal_pool,https://samsung.com
https://www.samsung.com/nl/tablets/all-tablets,internal_pool,https://samsung.com
https://www.samsung.com/nl/tablets/galaxy-tab-s11/buy,internal_pool,https://samsung.com
https://www.samsung.com/nl/tv-accessories/all-tv-accessories,internal_pool,https://samsung.com
https://www.samsung.com/nl/tvs/32-inch-tv,internal_pool,https://samsung.com
https://www.samsung.com/nl/tvs/43-inch-tv,internal_pool,https://samsung.com
https://www.samsung.com/nl/tvs/50-inch-tv,internal_pool,https://samsung.com
https://www.samsung.com/nl/tvs/55-inch-tv,internal_pool,https://samsung.com
https://www.samsung.com/nl/tvs/60-inch-tv,internal_pool,https://samsung.com
https://www.samsung.com/nl/tvs/65-inch-tv,internal_pool,https://samsung.com
https://www.samsung.com/nl/tvs/75-inch-tv,internal_pool,https://samsung.com
https://www.samsung.com/nl/tvs/85-inch-tv,internal_pool,https://samsung.com
https://www.samsung.com/nl/tvs/98-inch-tv,internal_pool,https://samsung.com
https://www.samsung.com/nl/tvs/all-tvs,internal_pool,https://samsung.com
https://www.samsung.com/nl/tvs/crystal-uhd-tvs,internal_pool,https://samsung.com
https://www.samsung.com/nl/tvs/help-me-choose,internal_pool,https://samsung.com
https://www.samsung.com/nl/tvs/launch-offer,internal_pool,https://samsung.com
https://www.samsung.com/nl/tvs/micro-rgb-tv,internal_pool,https://samsung.com
https://www.samsung.com/nl/tvs/neo-qled-tvs,internal_pool,https://samsung.com
https://www.samsung.com/nl/tvs/oled-tv,internal_pool,https://samsung.com
https://www.samsung.com/nl/tvs/oled-tv/highlights,internal_pool,https://samsung.com
https://www.samsung.com/nl/tvs/oled-tv/s95f-65-inch-oled-4k-smart-tv-qe65s95fatxxn,internal_pool,https://samsung.com
https://www.samsung.com/nl/tvs/qled-tv,internal_pool,https://samsung.com
https://www.samsung.com/nl/tvs/qled-tv/highlights,internal_pool,https://samsung.com
https://www.samsung.com/nl/tvs/vision-ai-tv,internal_pool,https://samsung.com
https://www.samsung.com/nl/tvs/why-samsung-tv,internal_pool,https://samsung.com
https://www.samsung.com/nl/vacuum-cleaners/all-vacuum-cleaners,internal_pool,https://samsung.com
https://www.samsung.com/nl/vacuum-cleaners/help-me-choose,internal_pool,https://samsung.com
https://www.samsung.com/nl/vacuum-cleaners/robot,internal_pool,https://samsung.com
https://www.samsung.com/nl/vacuum-cleaners/stick,internal_pool,https://samsung.com
https://www.samsung.com/nl/vacuum-cleaners/stick/vc9700cl-stick-vc-with-most-powerful-jet-aiultra-400w-black-vs90f40dek-wa,internal_pool,https://samsung.com
https://www.samsung.com/nl/vacuum-cleaners/stick/vs9500al-stick-more-advance-cleaning-performance-hexajet-motor-jet-cyclone-blue-vs20c852ftb-wa,internal_pool,https://samsung.com
https://www.samsung.com/nl/washers-and-dryers/all-washers-and-dryers,internal_pool,https://samsung.com
https://www.samsung.com/nl/washers-and-dryers/dryers/dv90f24-dryer-a-energy-efficiency-ai-home-voice-enabled-9kg-metallic-silver-dv90f09f4su3,internal_pool,https://samsung.com
https://www.samsung.com/nl/washers-and-dryers/help-me-choose,internal_pool,https://samsung.com
https://www.samsung.com/nl/washers-and-dryers/washing-machines/wf90f24-front-load-washer-a-55-percent-energy-efficiency-ai-home-ai-wash-9kg-silver-wf90f09c4su3,internal_pool,https://samsung.com
https://www.samsung.com/nl/watches/all-watches,internal_pool,https://samsung.com
https://www.samsung.com/nl/watches/galaxy-watch8/buy,internal_pool,https://samsung.com
https://www.samsung.com/nl/why-samsung-account,internal_pool,https://samsung.com
https://bilibili.com,homepage,https://bilibili.com
https://www.bilibili.com/anime,internal_pool,https://bilibili.com
https://www.bilibili.com/bangumi/play/ep3537929,internal_pool,https://bilibili.com
https://www.bilibili.com/bangumi/play/ss236004,internal_pool,https://bilibili.com
https://www.bilibili.com/blackboard/activity-5zJxM3spoS.html,internal_pool,https://bilibili.com
https://www.bilibili.com/blackboard/activity-xKR6yNjuJ6.html,internal_pool,https://bilibili.com
https://www.bilibili.com/blackboard/era/Vp41b8bsU9Wkog3X.html,internal_pool,https://bilibili.com
https://www.bilibili.com/blackboard/era/jpyPhRRrMn3fmZ2B.html,internal_pool,https://bilibili.com
https://www.bilibili.com/blackboard/era/reward-activity-list-page.html,internal_pool,https://bilibili.com
https://www.bilibili.com/c/ai,internal_pool,https://bilibili.com
https://www.bilibili.com/c/animal,internal_pool,https://bilibili.com
https://www.bilibili.com/c/car,internal_pool,https://bilibili.com
https://www.bilibili.com/c/cinephile,internal_pool,https://bilibili.com
https://www.bilibili.com/c/dance,internal_pool,https://bilibili.com
https://www.bilibili.com/c/douga,internal_pool,https://bilibili.com
https://www.bilibili.com/c/emotion,internal_pool,https://bilibili.com
https://www.bilibili.com/c/ent,internal_pool,https://bilibili.com
https://www.bilibili.com/c/fashion,internal_pool,https://bilibili.com
https://www.bilibili.com/c/food,internal_pool,https://bilibili.com
https://www.bilibili.com/c/game,internal_pool,https://bilibili.com
https://www.bilibili.com/c/gym,internal_pool,https://bilibili.com
https://www.bilibili.com/c/handmake,internal_pool,https://bilibili.com
https://www.bilibili.com/c/health,internal_pool,https://bilibili.com
https://www.bilibili.com/c/home,internal_pool,https://bilibili.com
https://www.bilibili.com/c/information,internal_pool,https://bilibili.com
https://www.bilibili.com/c/kichiku,internal_pool,https://bilibili.com
https://www.bilibili.com/c/knowledge,internal_pool,https://bilibili.com
https://www.bilibili.com/c/life_experience,internal_pool,https://bilibili.com
https://www.bilibili.com/c/life_joy,internal_pool,https://bilibili.com
https://www.bilibili.com/c/music,internal_pool,https://bilibili.com
https://www.bilibili.com/c/outdoors,internal_pool,https://bilibili.com
https://www.bilibili.com/c/painting,internal_pool,https://bilibili.com
https://www.bilibili.com/c/parenting,internal_pool,https://bilibili.com
https://www.bilibili.com/c/rural,internal_pool,https://bilibili.com
https://www.bilibili.com/c/shortplay,internal_pool,https://bilibili.com
https://www.bilibili.com/c/sports,internal_pool,https://bilibili.com
https://www.bilibili.com/c/tech,internal_pool,https://bilibili.com
https://www.bilibili.com/c/travel,internal_pool,https://bilibili.com
https://www.bilibili.com/c/vlog,internal_pool,https://bilibili.com
https://www.bilibili.com/cheese,internal_pool,https://bilibili.com
https://www.bilibili.com/documentary,internal_pool,https://bilibili.com
https://www.bilibili.com/guochuang,internal_pool,https://bilibili.com
https://www.bilibili.com/match/home,internal_pool,https://bilibili.com
https://www.bilibili.com/movie,internal_pool,https://bilibili.com
https://www.bilibili.com/read/home,internal_pool,https://bilibili.com
https://www.bilibili.com/tv,internal_pool,https://bilibili.com
https://www.bilibili.com/v/customer-service,internal_pool,https://bilibili.com
https://www.bilibili.com/v/popular/all,internal_pool,https://bilibili.com
https://www.bilibili.com/variety,internal_pool,https://bilibili.com
https://www.bilibili.com/video/BV15r5W6YEz1,internal_pool,https://bilibili.com
https://www.bilibili.com/video/BV17R5a6dELx,internal_pool,https://bilibili.com
https://www.bilibili.com/video/BV19k5Y6XEH1,internal_pool,https://bilibili.com
https://www.bilibili.com/video/BV1BY596nETZ,internal_pool,https://bilibili.com
https://www.bilibili.com/video/BV1DXLu6QEYM,internal_pool,https://bilibili.com
https://www.bilibili.com/video/BV1L8RTBEEpi,internal_pool,https://bilibili.com
https://www.bilibili.com/video/BV1QW5R6LE68,internal_pool,https://bilibili.com
https://www.bilibili.com/video/BV1Qf5z6KEXu,internal_pool,https://bilibili.com
https://www.bilibili.com/video/BV1Z65q66E1z,internal_pool,https://bilibili.com
https://www.bilibili.com/video/BV1cT5e6qEMx,internal_pool,https://bilibili.com
https://www.bilibili.com/video/BV1jC5q6zEJW,internal_pool,https://bilibili.com
https://www.bilibili.com/video/BV1jb5Q6LE58,internal_pool,https://bilibili.com
https://www.bilibili.com/video/BV1nd5i6rEeB,internal_pool,https://bilibili.com
https://www.bilibili.com/video/BV1og5r6mEWo,internal_pool,https://bilibili.com
https://www.bilibili.com/video/BV1pd5B6JEwa,internal_pool,https://bilibili.com
https://naver.com,homepage,https://naver.com
https://www.naver.com/NOTICE,internal_pool,https://naver.com
https://www.naver.com/more.html,internal_pool,https://naver.com
https://www.naver.com/policy/privacy.html,internal_pool,https://naver.com
https://www.naver.com/policy/service.html,internal_pool,https://naver.com
https://www.naver.com/policy/youthpolicy.html,internal_pool,https://naver.com
https://weather.com,homepage,https://weather.com
https://weather.com/2026/05/12/sports-recreation/golf/traveling-maps-forecast-weather,internal_pool,https://weather.com
https://weather.com/2026/05/13/news/climate/winters-alarmingly-low-snowpack-offers-a-glimpse-of-the-changing-rhythm-of,internal_pool,https://weather.com
https://weather.com/2026/05/13/safety/floods/funnel-effect-how-mountain-storms-can-unleash-catastrophic-flooding,internal_pool,https://weather.com
https://weather.com/2026/05/14/health/hantavirus-what-is-it-and-can-it-affect-you,internal_pool,https://weather.com
https://weather.com/2026/05/15/forecast/national/summer-outlook-cooler-for-the-northeast-while-northwest-bakes,internal_pool,https://weather.com
https://weather.com/2026/05/15/home-garden/from-the-expert-homeowners-guide-to-termite-season,internal_pool,https://weather.com
https://weather.com/2026/05/15/news/trending/video/waymo-recalls-driverless-cars-flooding,internal_pool,https://weather.com
https://weather.com/2026/05/15/science/space/video/weirdest-planets-seen-by-hubble-telescope,internal_pool,https://weather.com
https://weather.com/2026/05/15/vertical/video/waymo-recalls-driverless-cars,internal_pool,https://weather.com
https://weather.com/2026/05/16/news/weather/rain-delays-qualifying-for-the-indy-500,internal_pool,https://weather.com
https://weather.com/accessibility-statement,internal_pool,https://weather.com
https://weather.com/ar-AE,internal_pool,https://weather.com
https://weather.com/ar-BH,internal_pool,https://weather.com
https://weather.com/ar-DJ,internal_pool,https://weather.com
https://weather.com/ar-DZ,internal_pool,https://weather.com
https://weather.com/ar-EG,internal_pool,https://weather.com
https://weather.com/ar-ER,internal_pool,https://weather.com
https://weather.com/ar-IQ,internal_pool,https://weather.com
https://weather.com/ar-JO,internal_pool,https://weather.com
https://weather.com/ar-KM,internal_pool,https://weather.com
https://weather.com/ar-KW,internal_pool,https://weather.com
https://weather.com/ar-LB,internal_pool,https://weather.com
https://weather.com/ar-LY,internal_pool,https://weather.com
https://weather.com/ar-MA,internal_pool,https://weather.com
https://weather.com/ar-MR,internal_pool,https://weather.com
https://weather.com/ar-OM,internal_pool,https://weather.com
https://weather.com/ar-QA,internal_pool,https://weather.com
https://weather.com/ar-SA,internal_pool,https://weather.com
https://weather.com/ar-SD,internal_pool,https://weather.com
https://weather.com/ar-SO,internal_pool,https://weather.com
https://weather.com/ar-SY,internal_pool,https://weather.com
https://weather.com/ar-TD,internal_pool,https://weather.com
https://weather.com/ar-TN,internal_pool,https://weather.com
https://weather.com/atmosphere,internal_pool,https://weather.com
https://weather.com/atmosphere/reviews/best-hair-oils-for-every-type-of-hair,internal_pool,https://weather.com
https://weather.com/atmosphere/reviews/best-red-light-therapy-devices,internal_pool,https://weather.com
https://weather.com/atmosphere/reviews/best-silk-pillowcases,internal_pool,https://weather.com
https://weather.com/atmosphere/reviews/best-travel-products,internal_pool,https://weather.com
https://weather.com/atmosphere/reviews/last-minute-mothers-day-gift-ideas,internal_pool,https://weather.com
https://weather.com/atmosphere/reviews/long-sleeve-sun-shirts-men-and-women,internal_pool,https://weather.com
https://weather.com/bn-BD,internal_pool,https://weather.com
https://weather.com/ca-AD,internal_pool,https://weather.com
https://weather.com/ca-ES,internal_pool,https://weather.com
https://weather.com/cs-CZ,internal_pool,https://weather.com
https://weather.com/da-DK,internal_pool,https://weather.com
https://weather.com/data-rights,internal_pool,https://weather.com
https://weather.com/data-vendors,internal_pool,https://weather.com
https://weather.com/de-AT,internal_pool,https://weather.com
https://weather.com/de-CH,internal_pool,https://weather.com
https://weather.com/de-DE,internal_pool,https://weather.com
https://weather.com/de-LI,internal_pool,https://weather.com
https://weather.com/el-CY,internal_pool,https://weather.com
https://weather.com/el-GR,internal_pool,https://weather.com
https://weather.com/en-AG,internal_pool,https://weather.com
https://weather.com/en-AS,internal_pool,https://weather.com
https://weather.com/en-AU,internal_pool,https://weather.com
https://weather.com/en-BB,internal_pool,https://weather.com
https://weather.com/en-BS,internal_pool,https://weather.com
https://weather.com/en-BZ,internal_pool,https://weather.com
https://weather.com/en-CA,internal_pool,https://weather.com
https://weather.com/en-CM,internal_pool,https://weather.com
https://weather.com/en-DM,internal_pool,https://weather.com
https://weather.com/en-FJ,internal_pool,https://weather.com
https://weather.com/en-FM,internal_pool,https://weather.com
https://weather.com/en-GB,internal_pool,https://weather.com
https://weather.com/en-GD,internal_pool,https://weather.com
https://weather.com/en-GH,internal_pool,https://weather.com
https://weather.com/en-GM,internal_pool,https://weather.com
https://weather.com/en-GY,internal_pool,https://weather.com
https://weather.com/en-IE,internal_pool,https://weather.com
https://weather.com/en-IN,internal_pool,https://weather.com
https://weather.com/en-JM,internal_pool,https://weather.com
https://weather.com/en-KE,internal_pool,https://weather.com
https://weather.com/en-KI,internal_pool,https://weather.com
https://weather.com/en-KN,internal_pool,https://weather.com
https://weather.com/en-LC,internal_pool,https://weather.com
https://weather.com/en-LR,internal_pool,https://weather.com
https://weather.com/en-LS,internal_pool,https://weather.com
https://weather.com/en-MH,internal_pool,https://weather.com
https://weather.com/en-MT,internal_pool,https://weather.com
https://weather.com/en-MU,internal_pool,https://weather.com
https://weather.com/en-NA,internal_pool,https://weather.com
https://weather.com/en-NG,internal_pool,https://weather.com
https://weather.com/en-NZ,internal_pool,https://weather.com
https://weather.com/en-PA,internal_pool,https://weather.com
https://weather.com/en-PH,internal_pool,https://weather.com
https://weather.com/en-PK,internal_pool,https://weather.com
https://weather.com/en-PW,internal_pool,https://weather.com
https://weather.com/en-RW,internal_pool,https://weather.com
https://weather.com/en-SB,internal_pool,https://weather.com
https://weather.com/en-SG,internal_pool,https://weather.com
https://weather.com/en-SL,internal_pool,https://weather.com
https://weather.com/en-SS,internal_pool,https://weather.com
https://weather.com/en-SZ,internal_pool,https://weather.com
https://weather.com/en-TO,internal_pool,https://weather.com
https://weather.com/en-TT,internal_pool,https://weather.com
https://weather.com/en-TV,internal_pool,https://weather.com
https://weather.com/en-TZ,internal_pool,https://weather.com
https://weather.com/en-UG,internal_pool,https://weather.com
https://weather.com/en-US/privacy/privacy-policy,internal_pool,https://weather.com
https://weather.com/en-US/privacy/terms-of-use,internal_pool,https://weather.com
https://weather.com/en-US/twc/privacy-policy,internal_pool,https://weather.com
https://weather.com/en-VC,internal_pool,https://weather.com
https://weather.com/en-VU,internal_pool,https://weather.com
https://weather.com/en-ZA,internal_pool,https://weather.com
https://weather.com/es-AR,internal_pool,https://weather.com
https://weather.com/es-BO,internal_pool,https://weather.com
https://weather.com/es-CL,internal_pool,https://weather.com
https://weather.com/es-CO,internal_pool,https://weather.com
https://weather.com/es-CR,internal_pool,https://weather.com
https://weather.com/es-DO,internal_pool,https://weather.com
https://weather.com/es-EC,internal_pool,https://weather.com
https://weather.com/es-ES,internal_pool,https://weather.com
https://weather.com/es-GQ,internal_pool,https://weather.com
https://weather.com/es-GT,internal_pool,https://weather.com
https://weather.com/es-HN,internal_pool,https://weather.com
https://weather.com/es-MX,internal_pool,https://weather.com
https://weather.com/es-NI,internal_pool,https://weather.com
https://weather.com/es-PA,internal_pool,https://weather.com
https://weather.com/es-PE,internal_pool,https://weather.com
https://weather.com/es-PY,internal_pool,https://weather.com
https://weather.com/es-SV,internal_pool,https://weather.com
https://weather.com/es-US,internal_pool,https://weather.com
https://weather.com/es-UY,internal_pool,https://weather.com
https://weather.com/es-VE,internal_pool,https://weather.com
https://weather.com/et-EE,internal_pool,https://weather.com
https://weather.com/explore,internal_pool,https://weather.com
https://weather.com/fi-FI,internal_pool,https://weather.com
https://weather.com/forecast/air-quality/l/96e1c7f17a291a7ee64cda75a7bca6b6b8a31fa3cc9e0baf3c7c2f04dd3c1020,internal_pool,https://weather.com
https://weather.com/forecast/allergy/l/96e1c7f17a291a7ee64cda75a7bca6b6b8a31fa3cc9e0baf3c7c2f04dd3c1020,internal_pool,https://weather.com
https://weather.com/forecast/cold-flu/l/96e1c7f17a291a7ee64cda75a7bca6b6b8a31fa3cc9e0baf3c7c2f04dd3c1020,internal_pool,https://weather.com
https://weather.com/forecast/news/2014-10-31-national-forecast-20141009,internal_pool,https://weather.com
https://weather.com/fr-AD,internal_pool,https://weather.com
https://weather.com/fr-BE,internal_pool,https://weather.com
https://weather.com/fr-BF,internal_pool,https://weather.com
https://weather.com/fr-BI,internal_pool,https://weather.com
https://weather.com/fr-BJ,internal_pool,https://weather.com
https://weather.com/fr-CA,internal_pool,https://weather.com
https://weather.com/fr-CD,internal_pool,https://weather.com
https://weather.com/fr-CF,internal_pool,https://weather.com
https://weather.com/fr-CG,internal_pool,https://weather.com
https://weather.com/fr-CI,internal_pool,https://weather.com
https://weather.com/fr-CM,internal_pool,https://weather.com
https://weather.com/fr-DJ,internal_pool,https://weather.com
https://weather.com/fr-DZ,internal_pool,https://weather.com
https://weather.com/fr-FR,internal_pool,https://weather.com
https://weather.com/fr-GA,internal_pool,https://weather.com
https://weather.com/fr-GN,internal_pool,https://weather.com
https://weather.com/fr-HT,internal_pool,https://weather.com
https://weather.com/fr-KM,internal_pool,https://weather.com
https://weather.com/fr-LU,internal_pool,https://weather.com
https://weather.com/fr-MA,internal_pool,https://weather.com
https://weather.com/fr-MC,internal_pool,https://weather.com
https://weather.com/fr-MG,internal_pool,https://weather.com
https://weather.com/fr-ML,internal_pool,https://weather.com
https://weather.com/fr-MU,internal_pool,https://weather.com
https://weather.com/fr-NE,internal_pool,https://weather.com
https://weather.com/fr-RW,internal_pool,https://weather.com
https://weather.com/fr-SN,internal_pool,https://weather.com
https://weather.com/fr-TD,internal_pool,https://weather.com
https://weather.com/fr-TG,internal_pool,https://weather.com
https://weather.com/fr-VU,internal_pool,https://weather.com
https://weather.com/he-IL,internal_pool,https://weather.com
https://weather.com/health,internal_pool,https://weather.com
https://weather.com/health/breathing/video/weather-changes-spread-fungal-storms-valley-fever,internal_pool,https://weather.com
https://weather.com/health/news/2026-05-13-changing-weather-fuels-fungal-storms-valley-fever,internal_pool,https://weather.com
https://weather.com/health/skin-health,internal_pool,https://weather.com
https://weather.com/health/video/tick-borne-infections-babesia-infections-rising,internal_pool,https://weather.com
https://weather.com/hi-IN,internal_pool,https://weather.com
https://weather.com/home-garden,internal_pool,https://weather.com
https://weather.com/home-garden/news/2026-05-07-what-weather-disasters-are-not-covered-by-home-insurance,internal_pool,https://weather.com
https://weather.com/home-garden/recipes,internal_pool,https://weather.com
https://weather.com/hr-BA,internal_pool,https://weather.com
https://weather.com/hr-HR,internal_pool,https://weather.com
https://weather.com/hu-HU,internal_pool,https://weather.com
https://weather.com/id-ID,internal_pool,https://weather.com
https://weather.com/it-IT,internal_pool,https://weather.com
https://weather.com/it-SM,internal_pool,https://weather.com
https://weather.com/it-VA,internal_pool,https://weather.com
https://weather.com/ja-JP,internal_pool,https://weather.com
https://weather.com/ko-KR,internal_pool,https://weather.com
https://weather.com/legal,internal_pool,https://weather.com
https://weather.com/login,internal_pool,https://weather.com
https://weather.com/maps/currentusweather,internal_pool,https://weather.com
https://weather.com/maps/health/allergies/treepollen,internal_pool,https://weather.com
https://weather.com/maps/satellite/caribbeanweathermap,internal_pool,https://weather.com
https://weather.com/maps/severealerts,internal_pool,https://weather.com
https://weather.com/maps/ussatellitemap,internal_pool,https://weather.com
https://weather.com/mission,internal_pool,https://weather.com
https://weather.com/ms-BN,internal_pool,https://weather.com
https://weather.com/ms-MY,internal_pool,https://weather.com
https://weather.com/mydashboard,internal_pool,https://weather.com
https://weather.com/news,internal_pool,https://weather.com
https://weather.com/news/climate/news/2026-05-08-arctic-on-fire-3000-year-high-climate-change,internal_pool,https://weather.com
https://weather.com/news/trending/video/florida-pregnant-hiker-rescued-heat-exhaustion,internal_pool,https://weather.com
https://weather.com/news/trending/video/mexico-city-sinking-fast-new-satellite-image,internal_pool,https://weather.com
https://weather.com/news/weather/video/kansas-storm-international-space-station-camera,internal_pool,https://weather.com
https://weather.com/nl-BE,internal_pool,https://weather.com
https://weather.com/nl-NL,internal_pool,https://weather.com
https://weather.com/nl-SR,internal_pool,https://weather.com
https://weather.com/no-NO,internal_pool,https://weather.com
https://weather.com/pets,internal_pool,https://weather.com
https://weather.com/pets/video/kittens-rescued-from-mississippi-tornado-ruins,internal_pool,https://weather.com
https://weather.com/pets/video/parasites-dogs-leptospirosis-giardia,internal_pool,https://weather.com
https://weather.com/pl-PL,internal_pool,https://weather.com
https://weather.com/pt-AO,internal_pool,https://weather.com
https://weather.com/pt-BR,internal_pool,https://weather.com
https://weather.com/pt-CV,internal_pool,https://weather.com
https://weather.com/pt-GW,internal_pool,https://weather.com
https://weather.com/pt-MZ,internal_pool,https://weather.com
https://weather.com/pt-PT,internal_pool,https://weather.com
https://weather.com/pt-ST,internal_pool,https://weather.com
https://weather.com/pt-TP,internal_pool,https://weather.com
https://weather.com/ro-RO,internal_pool,https://weather.com
https://weather.com/ru-BY,internal_pool,https://weather.com
https://weather.com/ru-EE,internal_pool,https://weather.com
https://weather.com/ru-KG,internal_pool,https://weather.com
https://weather.com/safety,internal_pool,https://weather.com
https://weather.com/safety/hurricane/video/hurricane-season-preparation-tropical-terminology,internal_pool,https://weather.com
https://weather.com/safety/index,internal_pool,https://weather.com
https://weather.com/science/nature/video/patchouli-repels-mosquitoes-in-new-study,internal_pool,https://weather.com
https://weather.com/science/space,internal_pool,https://weather.com
https://weather.com/services/ad-choices,internal_pool,https://weather.com
https://weather.com/signup,internal_pool,https://weather.com
https://weather.com/sk-SK,internal_pool,https://weather.com
https://weather.com/storm-radar,internal_pool,https://weather.com
https://weather.com/storms/hurricane-central,internal_pool,https://weather.com
https://weather.com/storms/severe/news/2026-05-12-severe-weather-threat-weekend-tornadoes-winds,internal_pool,https://weather.com
https://weather.com/storms/tornado-central,internal_pool,https://weather.com
https://weather.com/sv-SE,internal_pool,https://weather.com
https://weather.com/th-TH,internal_pool,https://weather.com
https://weather.com/tl-PH,internal_pool,https://weather.com
https://weather.com/tr-TR,internal_pool,https://weather.com
https://weather.com/travel,internal_pool,https://weather.com
https://weather.com/travel/video/two-buttes-reservoir-lake-dried-up-colorado,internal_pool,https://weather.com
https://weather.com/uk-UA,internal_pool,https://weather.com
https://weather.com/ur-PK,internal_pool,https://weather.com
https://weather.com/vi-VN,internal_pool,https://weather.com
https://weather.com/weather/hourbyhour/l/96e1c7f17a291a7ee64cda75a7bca6b6b8a31fa3cc9e0baf3c7c2f04dd3c1020,internal_pool,https://weather.com
https://weather.com/weather/monthly/l/96e1c7f17a291a7ee64cda75a7bca6b6b8a31fa3cc9e0baf3c7c2f04dd3c1020,internal_pool,https://weather.com
https://weather.com/weather/radar/interactive/l/96e1c7f17a291a7ee64cda75a7bca6b6b8a31fa3cc9e0baf3c7c2f04dd3c1020,internal_pool,https://weather.com
https://weather.com/weather/tenday/l/96e1c7f17a291a7ee64cda75a7bca6b6b8a31fa3cc9e0baf3c7c2f04dd3c1020,internal_pool,https://weather.com
https://weather.com/weather/today/l/96e1c7f17a291a7ee64cda75a7bca6b6b8a31fa3cc9e0baf3c7c2f04dd3c1020,internal_pool,https://weather.com
https://weather.com/weather/weekend/l/96e1c7f17a291a7ee64cda75a7bca6b6b8a31fa3cc9e0baf3c7c2f04dd3c1020,internal_pool,https://weather.com
https://weather.com/zh-CN,internal_pool,https://weather.com
https://weather.com/zh-HK,internal_pool,https://weather.com
https://weather.com/zh-SG,internal_pool,https://weather.com
https://weather.com/zh-TW,internal_pool,https://weather.com
https://twitch.tv,homepage,https://twitch.tv
https://www.twitch.tv/alveussanctuary,internal_pool,https://twitch.tv
https://www.twitch.tv/arky,internal_pool,https://twitch.tv
https://www.twitch.tv/caedrel247,internal_pool,https://twitch.tv
https://www.twitch.tv/directory,internal_pool,https://twitch.tv
https://www.twitch.tv/directory/all,internal_pool,https://twitch.tv
https://www.twitch.tv/directory/all/tags/CatSnake,internal_pool,https://twitch.tv
https://www.twitch.tv/directory/all/tags/Charity,internal_pool,https://twitch.tv
https://www.twitch.tv/directory/all/tags/DropsEnabled,internal_pool,https://twitch.tv
https://www.twitch.tv/directory/all/tags/English,internal_pool,https://twitch.tv
https://www.twitch.tv/directory/all/tags/FamilyFriendly,internal_pool,https://twitch.tv
https://www.twitch.tv/directory/all/tags/Ferret,internal_pool,https://twitch.tv
https://www.twitch.tv/directory/all/tags/Fran%C3%A7ais,internal_pool,https://twitch.tv
https://www.twitch.tv/directory/all/tags/Long,internal_pool,https://twitch.tv
https://www.twitch.tv/directory/all/tags/Spain,internal_pool,https://twitch.tv
https://www.twitch.tv/directory/all/tags/blackstremer,internal_pool,https://twitch.tv
https://www.twitch.tv/directory/all/tags/purplemartins,internal_pool,https://twitch.tv
https://www.twitch.tv/directory/category/animals-aquariums-and-zoos,internal_pool,https://twitch.tv
https://www.twitch.tv/directory/category/counter-strike,internal_pool,https://twitch.tv
https://www.twitch.tv/directory/category/irl,internal_pool,https://twitch.tv
https://www.twitch.tv/directory/category/just-chatting,internal_pool,https://twitch.tv
https://www.twitch.tv/directory/category/league-of-legends,internal_pool,https://twitch.tv
https://www.twitch.tv/directory/category/marvel-rivals,internal_pool,https://twitch.tv
https://www.twitch.tv/directory/category/subnautica-2,internal_pool,https://twitch.tv
https://www.twitch.tv/directory/category/world-of-warcraft,internal_pool,https://twitch.tv
https://www.twitch.tv/directory/collection/just-chatting-irl-streams,internal_pool,https://twitch.tv
https://www.twitch.tv/directory/tags/2610cff9-10ae-4cb3-8500-778e6722fbb5,internal_pool,https://twitch.tv
https://www.twitch.tv/directory/tags/523fe736-fa95-44c7-b22f-13008ca2172c,internal_pool,https://twitch.tv
https://www.twitch.tv/directory/tags/80427d95-bb46-42d3-bf4d-408e9bdca49a,internal_pool,https://twitch.tv
https://www.twitch.tv/directory/tags/857fce92-df0c-4c8c-8c60-28e0c5f7d8ae,internal_pool,https://twitch.tv
https://www.twitch.tv/directory/tags/9d38085e-ee62-4203-877b-81797052a18b,internal_pool,https://twitch.tv
https://www.twitch.tv/directory/tags/a69f7ffb-ddda-4c05-8d7d-f0b24975a2c3,internal_pool,https://twitch.tv
https://www.twitch.tv/eslcs,internal_pool,https://twitch.tv
https://www.twitch.tv/ferretsoftware,internal_pool,https://twitch.tv
https://www.twitch.tv/jinnytty,internal_pool,https://twitch.tv
https://www.twitch.tv/lilsimsie,internal_pool,https://twitch.tv
https://www.twitch.tv/oilrats,internal_pool,https://twitch.tv
https://www.twitch.tv/peachiereignz,internal_pool,https://twitch.tv
https://www.twitch.tv/strogo,internal_pool,https://twitch.tv
https://www.twitch.tv/studytme,internal_pool,https://twitch.tv
https://www.twitch.tv/summit1g,internal_pool,https://twitch.tv
https://www.twitch.tv/theburntpeanut,internal_pool,https://twitch.tv
https://www.twitch.tv/wudijo,internal_pool,https://twitch.tv
https://turbopages.org,homepage,https://turbopages.org
https://microsoft.com,homepage,https://microsoft.com
https://www.microsoft.com/education,internal_pool,https://microsoft.com
https://www.microsoft.com/education/devices/overview,internal_pool,https://microsoft.com
https://www.microsoft.com/education/products/office,internal_pool,https://microsoft.com
https://www.microsoft.com/education/products/teams,internal_pool,https://microsoft.com
https://www.microsoft.com/en-ie/eucompliancedoc/default.aspx,internal_pool,https://microsoft.com
https://www.microsoft.com/investor/default.aspx,internal_pool,https://microsoft.com
https://www.microsoft.com/licensing,internal_pool,https://microsoft.com
https://www.microsoft.com/nl-nl,internal_pool,https://microsoft.com
https://www.microsoft.com/nl-nl/ai,internal_pool,https://microsoft.com
https://www.microsoft.com/nl-nl/d/Surface-Laptop-Studio-2/8rqr54krf1dz,internal_pool,https://microsoft.com
https://www.microsoft.com/nl-nl/d/surface-pro-voor-zakelijk-gebruik-copilot-pc-intel/8qfmn9xp1rl9,internal_pool,https://microsoft.com
https://www.microsoft.com/nl-nl/download,internal_pool,https://microsoft.com
https://www.microsoft.com/nl-nl/dynamics-365,internal_pool,https://microsoft.com
https://www.microsoft.com/nl-nl/edge,internal_pool,https://microsoft.com
https://www.microsoft.com/nl-nl/education,internal_pool,https://microsoft.com
https://www.microsoft.com/nl-nl/education/products/microsoft-365,internal_pool,https://microsoft.com
https://www.microsoft.com/nl-nl/locale,internal_pool,https://microsoft.com
https://www.microsoft.com/nl-nl/microsoft-365,internal_pool,https://microsoft.com
https://www.microsoft.com/nl-nl/microsoft-365-copilot,internal_pool,https://microsoft.com
https://www.microsoft.com/nl-nl/microsoft-365/business,internal_pool,https://microsoft.com
https://www.microsoft.com/nl-nl/microsoft-365/buy/compare-all-microsoft-365-products,internal_pool,https://microsoft.com
https://www.microsoft.com/nl-nl/microsoft-365/onedrive/online-cloud-storage,internal_pool,https://microsoft.com
https://www.microsoft.com/nl-nl/microsoft-365/onenote/digital-note-taking-app,internal_pool,https://microsoft.com
https://www.microsoft.com/nl-nl/microsoft-365/outlook/email-and-calendar-software-microsoft-outlook,internal_pool,https://microsoft.com
https://www.microsoft.com/nl-nl/microsoft-copilot/for-individuals,internal_pool,https://microsoft.com
https://www.microsoft.com/nl-nl/microsoft-copilot/organizations,internal_pool,https://microsoft.com
https://www.microsoft.com/nl-nl/microsoft-products-and-apps,internal_pool,https://microsoft.com
https://www.microsoft.com/nl-nl/microsoft-teams/group-chat-software,internal_pool,https://microsoft.com
https://www.microsoft.com/nl-nl/p/xbox-game-pass-ultimate/cfq7ttc0khs0,internal_pool,https://microsoft.com
https://www.microsoft.com/nl-nl/power-platform,internal_pool,https://microsoft.com
https://www.microsoft.com/nl-nl/privacy,internal_pool,https://microsoft.com
https://www.microsoft.com/nl-nl/security,internal_pool,https://microsoft.com
https://www.microsoft.com/nl-nl/sitemap,internal_pool,https://microsoft.com
https://www.microsoft.com/nl-nl/sovereignty,internal_pool,https://microsoft.com
https://www.microsoft.com/nl-nl/store/b/aboutwarranties,internal_pool,https://microsoft.com
https://www.microsoft.com/nl-nl/store/b/accessories,internal_pool,https://microsoft.com
https://www.microsoft.com/nl-nl/store/b/business,internal_pool,https://microsoft.com
https://www.microsoft.com/nl-nl/store/b/buy-surface-laptop,internal_pool,https://microsoft.com
https://www.microsoft.com/nl-nl/store/b/buy-surface-pro,internal_pool,https://microsoft.com
https://www.microsoft.com/nl-nl/store/b/gift-cards,internal_pool,https://microsoft.com
https://www.microsoft.com/nl-nl/store/b/order-tracking,internal_pool,https://microsoft.com
https://www.microsoft.com/nl-nl/store/b/recycling,internal_pool,https://microsoft.com
https://www.microsoft.com/nl-nl/store/b/sale,internal_pool,https://microsoft.com
https://www.microsoft.com/nl-nl/store/b/student,internal_pool,https://microsoft.com
https://www.microsoft.com/nl-nl/store/b/surface-accessories,internal_pool,https://microsoft.com
https://www.microsoft.com/nl-nl/store/b/xbox,internal_pool,https://microsoft.com
https://www.microsoft.com/nl-nl/store/cart,internal_pool,https://microsoft.com
https://www.microsoft.com/nl-nl/store/collections/XboxControllers,internal_pool,https://microsoft.com
https://www.microsoft.com/nl-nl/store/top-paid/games/xbox,internal_pool,https://microsoft.com
https://www.microsoft.com/nl-nl/windows,internal_pool,https://microsoft.com
https://www.microsoft.com/nl-nl/windows-365,internal_pool,https://microsoft.com
https://www.microsoft.com/nl-nl/windows/apps-for-windows,internal_pool,https://microsoft.com
https://www.microsoft.com/nl-nl/windows/business,internal_pool,https://microsoft.com
https://www.microsoft.com/rewards,internal_pool,https://microsoft.com
https://www.microsoft.com/software-development-companies,internal_pool,https://microsoft.com
https://www.microsoft.com/software-development-companies/offers-benefits/isv-success,internal_pool,https://microsoft.com
https://www.microsoft.com/surface,internal_pool,https://microsoft.com
https://www.microsoft.com/surface/devices/surface-laptop,internal_pool,https://microsoft.com
https://www.microsoft.com/surface/devices/surface-pro,internal_pool,https://microsoft.com
https://www.microsoft.com/sustainability,internal_pool,https://microsoft.com
https://duckduckgo.com/?q=cats,homepage,https://duckduckgo.com/?q=cats
https://duckduckgo.com,internal_pool,https://duckduckgo.com/?q=cats
https://duckduckgo.com/about,internal_pool,https://duckduckgo.com/?q=cats
https://duckduckgo.com/app,internal_pool,https://duckduckgo.com/?q=cats
https://duckduckgo.com/blog,internal_pool,https://duckduckgo.com/?q=cats
https://duckduckgo.com/careers,internal_pool,https://duckduckgo.com/?q=cats
https://duckduckgo.com/collaborations,internal_pool,https://duckduckgo.com/?q=cats
https://duckduckgo.com/compare-privacy,internal_pool,https://duckduckgo.com/?q=cats
https://duckduckgo.com/duckduckgo-help-pages,internal_pool,https://duckduckgo.com/?q=cats
https://duckduckgo.com/duckduckgo-help-pages/company/advertise-on-duckduckgo-search,internal_pool,https://duckduckgo.com/?q=cats
https://duckduckgo.com/duckduckgo-help-pages/results/how-to-filter-out-ai-images-in-duckduckgo-search-results,internal_pool,https://duckduckgo.com/?q=cats
https://duckduckgo.com/duckduckgo-help-pages/search-privacy,internal_pool,https://duckduckgo.com/?q=cats
https://duckduckgo.com/email,internal_pool,https://duckduckgo.com/?q=cats
https://duckduckgo.com/mac,internal_pool,https://duckduckgo.com/?q=cats
https://duckduckgo.com/newsletter,internal_pool,https://duckduckgo.com/?q=cats
https://duckduckgo.com/press,internal_pool,https://duckduckgo.com/?q=cats
https://duckduckgo.com/privacy,internal_pool,https://duckduckgo.com/?q=cats
https://duckduckgo.com/pro,internal_pool,https://duckduckgo.com/?q=cats
https://duckduckgo.com/settings,internal_pool,https://duckduckgo.com/?q=cats
https://duckduckgo.com/terms,internal_pool,https://duckduckgo.com/?q=cats
https://duckduckgo.com/updates,internal_pool,https://duckduckgo.com/?q=cats
https://duckduckgo.com/windows,internal_pool,https://duckduckgo.com/?q=cats
https://qq.com,homepage,https://qq.com
https://fandom.com,homepage,https://fandom.com
https://www.fandom.com/Blog:Recent_posts,internal_pool,https://fandom.com
https://www.fandom.com/about,internal_pool,https://fandom.com
https://www.fandom.com/careers,internal_pool,https://fandom.com
https://www.fandom.com/digital-services-act,internal_pool,https://fandom.com
https://www.fandom.com/essentials,internal_pool,https://fandom.com
https://www.fandom.com/explore,internal_pool,https://fandom.com
https://www.fandom.com/f,internal_pool,https://fandom.com
https://www.fandom.com/my-fandom,internal_pool,https://fandom.com
https://www.fandom.com/press,internal_pool,https://fandom.com
https://www.fandom.com/privacy-policy,internal_pool,https://fandom.com
https://www.fandom.com/progress,internal_pool,https://fandom.com
https://www.fandom.com/saved,internal_pool,https://fandom.com
https://www.fandom.com/terms-of-use,internal_pool,https://fandom.com
https://www.fandom.com/topics/games,internal_pool,https://fandom.com
https://www.fandom.com/topics/movies,internal_pool,https://fandom.com
https://www.fandom.com/topics/tv,internal_pool,https://fandom.com
https://www.fandom.com/video,internal_pool,https://fandom.com
https://www.fandom.com/what-is-fandom,internal_pool,https://fandom.com
https://globo.com,homepage,https://globo.com
https://www.globo.com/podcasts,internal_pool,https://globo.com
https://www.globo.com/todos-os-sites,internal_pool,https://globo.com
https://pinterest.com/search/pins/?q=cats,homepage,https://pinterest.com/search/pins/?q=cats
https://www.pinterest.com,internal_pool,https://pinterest.com/search/pins/?q=cats
https://www.pinterest.com/ideas,internal_pool,https://pinterest.com/search/pins/?q=cats
https://www.pinterest.com/pin/166070305005740699,internal_pool,https://pinterest.com/search/pins/?q=cats
https://www.pinterest.com/pin/238198267796942406,internal_pool,https://pinterest.com/search/pins/?q=cats
https://www.pinterest.com/pin/2462974793537113,internal_pool,https://pinterest.com/search/pins/?q=cats
https://www.pinterest.com/pin/258745941086958355,internal_pool,https://pinterest.com/search/pins/?q=cats
https://www.pinterest.com/pin/284782376432713426,internal_pool,https://pinterest.com/search/pins/?q=cats
https://www.pinterest.com/pin/294211788180246005,internal_pool,https://pinterest.com/search/pins/?q=cats
https://www.pinterest.com/pin/403987029097976487,internal_pool,https://pinterest.com/search/pins/?q=cats
https://www.pinterest.com/pin/431219733093969433,internal_pool,https://pinterest.com/search/pins/?q=cats
https://www.pinterest.com/pin/531706299780678149,internal_pool,https://pinterest.com/search/pins/?q=cats
https://www.pinterest.com/pin/6473993212670587,internal_pool,https://pinterest.com/search/pins/?q=cats
https://www.pinterest.com/pin/65654107064590364,internal_pool,https://pinterest.com/search/pins/?q=cats
https://www.pinterest.com/pin/84301824271050595,internal_pool,https://pinterest.com/search/pins/?q=cats
https://www.pinterest.com/search/pins,internal_pool,https://pinterest.com/search/pins/?q=cats
